Date;Time;BtRx(V);RSSI(dB);AccZ(g);Tmp1(@C);A4(V);VFAS(V);Curr(A);Alt(m);Fuel(%);VSpd(m/s);Hdg(@);AccX(g);AccY(g);450;Tmp2(@C);Dist(m);GAlt(m);GSpd(kmh);GPS(lat);GPS(lon);Prf;Gaz;Ail;S1;S2;SA;SB;SC;SD;LSW;TxBat(V)
06/09/2020;11:37:48.350;4.6;100;0.92;52;4.13;12.41;0.9;0.0;22;0.0;354.90;0.31;-0.07;104;1824;0;28.7;0.7;47.777681;-3.527831;9;-1024;4;-23;-507;-1;0;1;-1;0x0000000000000002;7.8
06/09/2020;11:38:00.460;4.6;100;0.98;52;4.13;12.40;0.9;0.0;25;0.0;353.80;0.11;0.03;1487;1824;0;29.6;0.0;47.777685;-3.527846;9;-1024;3;-23;-507;-1;0;1;-1;0x0000000000000002;7.7
06/09/2020;11:38:01.450;4.6;98;0.96;52;4.13;12.40;0.9;0.0;26;0.0;353.80;0.13;0.00;1487;1824;0;29.6;0.0;47.777683;-3.527846;9;-1024;3;-20;-510;-1;0;1;-1;0x0000000000000002;7.7
06/09/2020;11:39:15.060;4.7;100;0.97;11;4.12;12.36;0.9;0.0;11;0.0;53.30;0.16;-0.10;1639;3824;0;28.3;0.0;47.777698;-3.527836;9;-1024;4;-23;-507;-1;0;1;-1;0x0000000000000002;7.8
06/09/2020;11:39:16.050;4.7;100;0.98;15;4.12;12.36;0.9;0.0;11;0.0;56.60;0.09;-0.12;1639;3824;0;28.3;0.1;47.777698;-3.527836;11;-374;3;-23;-507;-1;0;1;-1;0x0000000000000002;7.8
06/09/2020;11:39:17.050;4.7;100;0.95;15;4.12;12.36;0.9;0.0;12;0.0;52.70;0.18;-0.17;1639;3824;0;28.3;0.1;47.777698;-3.527836;9;-265;4;-23;-510;-1;0;1;-1;0x0000000000000002;7.8
06/09/2020;11:39:18.050;4.7;100;0.94;15;4.12;12.36;0.9;0.0;12;-0.1;57.10;0.24;-0.22;1639;3824;0;28.3;0.1;47.777700;-3.527838;9;-265;4;-23;-507;-1;0;1;-1;0x0000000000000002;7.8
06/09/2020;11:39:19.050;4.7;100;0.93;15;4.12;12.36;0.9;0.0;12;0.0;54.90;0.22;-0.21;1639;3824;0;28.3;0.0;47.777700;-3.527838;11;-41;4;-23;-507;-1;0;1;-1;0x0000000000000002;7.8
06/09/2020;11:39:20.050;4.7;96;0.90;15;4.12;12.36;0.9;0.0;12;0.0;57.30;0.23;-0.20;1639;3824;0;28.4;0.1;47.777700;-3.527838;9;-49;4;-23;-507;-1;0;1;-1;0x0000000000000002;7.8
06/09/2020;11:39:21.050;4.7;96;1.01;15;4.12;12.36;0.9;0.0;13;0.0;54.20;0.23;-0.21;2460;3824;0;28.4;1.0;47.777701;-3.527841;9;-49;3;-23;-510;-1;0;1;-1;0x0000000000000002;7.7
06/09/2020;11:39:22.050;4.7;100;1.04;15;4.12;12.36;0.9;0.0;13;-0.3;55.20;0.32;-0.14;2713;3824;1;28.3;2.1;47.777703;-3.527848;9;-47;3;-23;-510;-1;0;1;-1;0x0000000000000002;7.7
06/09/2020;11:39:23.050;4.7;100;0.54;15;4.12;12.35;0.9;0.0;13;-0.1;56.40;0.20;-0.01;2722;3824;2;28.2;8.7;47.777703;-3.527866;9;-47;4;-23;-507;-1;0;1;-1;0x0000000000000002;7.7
06/09/2020;11:39:24.050;4.6;100;1.10;15;4.12;12.36;0.9;0.0;13;4.4;96.10;0.78;0.58;2662;3824;4;27.8;7.9;47.777701;-3.527911;9;-47;4;-23;-510;-1;0;1;-1;0x0000000000000002;7.7
06/09/2020;11:39:25.050;4.6;100;-0.58;15;3.86;11.56;18.4;1.2;16;-0.2;287.50;0.69;0.06;2677;3824;8;29.2;30.7;47.777701;-3.527988;9;-46;4;-23;-510;-1;0;1;-1;0x0000000000000002;7.7
06/09/2020;11:39:26.050;4.6;96;0.70;15;3.82;11.46;18.3;3.6;20;5.3;276.90;0.59;0.09;2757;3824;24;29.7;44.8;47.777706;-3.528143;9;-47;4;-23;-510;-1;0;1;-1;0x0000000000000002;7.7
06/09/2020;11:39:27.050;4.6;92;0.89;15;3.80;11.41;17.9;9.0;25;4.6;274.20;0.50;0.05;2772;3824;37;36.2;51.7;47.777718;-3.528285;9;-47;4;-23;-507;-1;0;1;-1;0x0000000000000002;7.7
06/09/2020;11:39:28.050;4.6;92;1.02;15;3.78;11.35;17.6;16.1;32;5.5;274.00;0.43;0.03;2771;3824;51;39.6;55.2;47.777740;-3.528478;9;-47;4;-23;-510;-1;0;1;-1;0x0000000000000002;7.7
06/09/2020;11:39:29.050;4.6;88;0.92;15;3.77;11.32;17.3;20.4;36;4.2;276.60;0.35;-0.02;2760;3824;65;43.8;59.5;47.777751;-3.528776;9;-47;4;-23;-510;-1;0;1;-1;0x0000000000000002;7.7
06/09/2020;11:39:30.050;4.6;90;1.02;15;3.76;11.30;17.2;24.2;40;4.3;274.20;0.34;-0.01;2750;3823;80;46.6;61.9;47.777766;-3.528958;9;-47;4;-23;-510;-1;0;1;-1;0x0000000000000002;7.7
06/09/2020;11:39:31.050;4.6;88;0.83;15;3.75;11.27;17.1;28.0;45;4.4;273.50;0.33;-0.01;2729;3823;104;51.6;64.8;47.777776;-3.529196;9;-47;4;-23;-510;-1;0;1;-1;0x0000000000000002;7.7
06/09/2020;11:39:32.050;4.6;84;0.42;15;3.87;11.65;7.2;31.5;49;2.4;271.60;-0.04;-0.01;2724;3823;121;54.4;67.5;47.777783;-3.529393;-415;-49;-4;-23;-507;-1;0;1;-1;0x0000000000000002;7.7
06/09/2020;11:39:33.050;4.6;74;1.45;15;3.90;11.70;7.0;31.4;52;2.3;271.60;0.07;-0.03;2712;3823;137;53.8;66.5;47.777786;-3.529740;-780;-55;-544;-23;-510;-1;0;1;-1;0x0000000000000002;7.7
06/09/2020;11:39:34.050;4.6;70;1.25;15;3.90;11.72;7.0;32.7;53;3.7;259.20;0.16;-0.06;2609;3823;153;55.3;61.7;47.777776;-3.529925;-1020;-54;-562;-23;-507;-1;0;1;-1;0x0000000000000002;7.7
06/09/2020;11:39:35.050;4.6;70;0.93;15;3.91;11.73;7.1;35.5;55;4.3;251.50;0.22;-0.02;2503;3823;167;58.6;55.5;47.777740;-3.530128;-1024;-57;-698;-23;-510;-1;0;1;-1;0x0000000000000002;7.7
06/09/2020;11:39:36.050;4.6;78;0.96;15;3.91;11.73;7.1;38.4;57;3.8;235.70;0.26;-0.01;2328;3823;185;64.7;50.4;47.777693;-3.530265;-1024;-57;-546;-23;-510;-1;0;1;-1;0x0000000000000002;7.7
06/09/2020;11:39:37.050;4.6;78;0.84;15;3.91;11.74;7.2;42.2;60;3.4;221.40;0.27;0.02;2230;3822;194;67.6;48.3;47.777573;-3.530401;-1024;-58;-429;-23;-507;-1;0;1;-1;0x0000000000000002;7.7
06/09/2020;11:39:38.050;4.6;76;0.82;15;3.91;11.73;7.2;44.1;61;2.0;201.60;0.31;0.01;2035;3821;201;70.2;47.6;47.777468;-3.530530;-1024;-58;-341;-23;-510;-1;0;1;-1;0x0000000000000002;7.7
06/09/2020;11:39:39.050;4.6;74;0.91;15;3.91;11.73;7.2;45.3;63;1.8;187.70;0.36;0.02;1923;3822;207;71.8;48.8;47.777375;-3.530571;-1024;-58;-228;-23;-510;-1;0;1;-1;0x0000000000000002;7.7
06/09/2020;11:39:40.050;4.6;70;0.99;15;3.91;11.73;7.2;46.6;65;1.9;174.90;0.35;0.02;1783;3821;212;73.0;50.4;47.777250;-3.530585;-1020;-57;157;-23;-507;-1;0;1;-1;0x0000000000000002;7.7
06/09/2020;11:39:41.050;4.6;60;0.81;15;3.91;11.72;7.2;48.1;67;1.8;166.30;0.32;0.01;1678;3821;213;74.5;50.7;47.777123;-3.530555;-1014;-57;791;-23;-510;-1;0;1;-1;0x0000000000000002;7.7
06/09/2020;11:39:42.050;4.6;60;1.04;15;3.90;11.72;7.2;49.0;68;2.0;165.70;0.36;0.03;1638;3820;214;76.7;50.0;47.777050;-3.530525;-1014;-58;717;-23;-510;-1;0;1;-1;0x0000000000000002;7.7
06/09/2020;11:39:43.050;4.6;66;0.87;15;3.91;11.72;7.2;50.9;71;2.0;166.10;0.36;-0.02;1680;3820;216;78.1;48.7;47.776903;-3.530473;-1013;-57;811;-23;-507;-1;0;1;-1;0x0000000000000002;7.7
06/09/2020;11:39:44.050;4.6;66;0.87;15;3.90;11.72;7.2;52.4;73;1.4;168.50;0.38;0.00;1691;3821;220;81.1;47.1;47.776738;-3.530426;-1020;-57;250;-23;-507;-1;0;1;-1;0x0000000000000002;7.7
06/09/2020;11:39:45.050;4.6;72;0.98;15;3.90;11.70;7.2;53.8;76;1.4;174.50;0.39;0.01;1753;3822;226;83.7;46.6;47.776666;-3.530416;-1020;-58;128;-23;-507;-1;0;1;-1;0x0000000000000002;7.7
06/09/2020;11:39:46.050;4.6;70;0.84;15;3.90;11.70;7.2;55.0;78;0.9;167.50;0.38;0.02;1712;3823;231;86.2;45.0;47.776506;-3.530385;-459;-60;18;-23;-510;-1;0;1;-1;0x0000000000000002;7.7
06/09/2020;11:39:47.050;4.6;66;0.86;15;3.90;11.70;7.2;55.2;80;-0.5;165.60;0.35;0.01;1685;3823;235;87.6;46.4;47.776463;-3.530371;-758;-58;1;-23;-510;-1;0;1;-1;0x0000000000000002;7.7
06/09/2020;11:39:48.050;4.6;64;0.86;15;3.90;11.71;7.2;55.4;81;0.4;163.00;0.34;0.01;1637;3819;242;87.8;49.3;47.776321;-3.530321;-384;-58;4;-23;-507;-1;0;1;-1;0x0000000000000002;7.7
06/09/2020;11:39:49.050;4.6;66;0.72;15;3.90;11.70;7.1;55.9;84;-1.2;161.40;0.26;0.00;1619;3821;246;88.6;52.7;47.776175;-3.530238;-633;-57;176;-23;-507;-1;0;1;-1;0x0000000000000002;7.7
06/09/2020;11:39:50.050;4.6;64;1.28;15;3.89;11.69;7.1;55.6;85;0.0;156.20;0.32;0.03;1575;3820;254;87.8;56.3;47.776070;-3.530191;-733;-57;393;-23;-510;-1;0;1;-1;0x0000000000000002;7.7
06/09/2020;11:39:51.050;4.6;62;0.92;15;3.89;11.70;7.1;57.3;87;1.1;155.40;0.24;0.02;1547;3819;258;88.6;57.9;47.775910;-3.530083;-810;-55;514;-23;-510;-1;0;1;-1;0x0000000000000002;7.7
06/09/2020;11:39:52.050;4.6;66;1.15;15;3.89;11.69;7.1;58.1;89;1.7;154.10;0.30;0.01;1544;3819;267;90.2;57.1;47.775831;-3.530026;-894;-55;705;-23;-510;-1;0;1;-1;0x0000000000000002;7.7
06/09/2020;11:39:53.050;4.6;68;0.85;15;3.89;11.68;7.1;61.0;91;2.4;160.80;0.29;0.02;1581;3821;272;92.1;54.2;47.775680;-3.529906;-813;-57;569;-23;-510;-1;0;1;-1;0x0000000000000002;7.7
06/09/2020;11:39:54.050;4.6;70;0.76;15;3.89;11.68;7.1;63.1;94;0.9;163.00;0.27;0.02;1613;3823;282;95.0;52.0;47.775506;-3.529831;-817;-57;562;-23;-510;-1;0;1;-1;0x0000000000000002;7.7
06/09/2020;11:39:55.050;4.6;70;1.08;15;3.89;11.67;7.1;63.7;95;1.5;168.90;0.36;0.03;1660;3822;295;96.9;52.0;47.775430;-3.529801;-929;-57;373;-23;-510;-1;0;1;-1;0x0000000000000002;7.7
06/09/2020;11:39:56.050;4.6;70;0.69;15;3.89;11.68;7.2;66.2;97;1.7;166.80;0.31;0.01;1694;3822;301;98.4;48.3;47.775285;-3.529755;-870;-57;628;-23;-510;-1;0;1;-1;0x0000000000000002;7.7
06/09/2020;11:39:57.050;4.6;72;0.92;15;3.88;11.67;7.2;67.8;99;1.7;176.60;0.34;0.00;1748;3820;313;100.2;46.3;47.775170;-3.529728;-894;-57;326;-23;-510;-1;0;1;-1;0x0000000000000002;7.7
06/09/2020;11:39:58.050;4.6;74;0.99;15;3.88;11.65;7.2;69.3;101;1.7;178.30;0.37;0.03;1801;3821;328;102.1;44.4;47.775056;-3.529723;-923;-57;225;-23;-510;-1;0;1;-1;0x0000000000000002;7.7
06/09/2020;11:39:59.050;4.6;72;0.91;15;3.88;11.65;7.2;70.9;103;1.5;182.90;0.42;0.01;1836;3822;338;104.5;41.1;47.774971;-3.529726;-972;-57;187;-23;-507;-1;0;1;-1;0x0000000000000002;7.7
06/09/2020;11:40:00.050;4.6;70;0.84;15;3.88;11.64;7.2;73.1;106;1.6;183.90;0.39;0.04;1849;3822;347;105.6;40.6;47.774826;-3.529738;-974;-58;179;-23;-507;-1;0;1;-1;0x0000000000000002;7.7
06/09/2020;11:40:01.050;4.6;64;1.00;15;3.88;11.65;7.2;73.9;107;1.7;189.40;0.39;0.02;1888;3822;358;107.0;39.8;47.774766;-3.529760;-653;-58;-85;-23;-510;-1;0;1;-1;0x0000000000000002;7.7
06/09/2020;11:40:02.050;4.6;60;0.79;15;3.88;11.64;7.2;75.2;109;-0.4;193.40;0.37;0.01;1935;3822;365;107.8;39.3;47.774670;-3.529798;-162;-58;-346;-23;-507;-1;0;1;-1;0x0000000000000002;7.7
06/09/2020;11:40:03.050;4.6;60;1.05;15;3.88;11.64;7.1;74.6;112;-0.9;189.80;0.38;0.02;1928;3821;380;107.1;47.7;47.774516;-3.529821;-370;-58;-560;-23;-510;-1;0;1;-1;0x0000000000000002;7.7
06/09/2020;11:40:04.050;4.6;62;1.12;15;3.88;11.64;7.1;74.9;113;0.5;185.60;0.27;0.00;1888;3820;397;106.9;50.8;47.774440;-3.529861;-424;-58;-546;-23;-507;-1;0;1;-1;0x0000000000000002;7.7
06/09/2020;11:40:05.050;4.6;60;0.94;15;3.87;11.63;7.0;75.6;115;-0.1;181.30;0.22;-0.01;1842;3819;406;107.3;53.6;47.774280;-3.529883;-99;-58;-1;-23;-510;-1;0;1;-1;0x0000000000000002;7.7
06/09/2020;11:40:06.050;4.6;56;0.89;15;3.87;11.63;7.0;75.6;117;-0.9;180.40;0.18;-0.03;1798;3820;424;106.8;58.2;47.774198;-3.529886;4;-57;1;-23;-510;-1;0;1;-1;0x0000000000000002;7.7
06/09/2020;11:40:07.050;4.6;60;0.92;15;3.87;11.63;7.0;74.5;119;-1.1;180.30;0.16;-0.04;1796;3820;434;105.9;60.6;47.773990;-3.529885;-796;-57;673;-23;-507;-1;0;1;-1;0x0000000000000002;7.7
06/09/2020;11:40:08.050;4.6;62;1.61;15;3.87;11.63;7.0;76.7;120;2.2;185.60;0.30;-0.01;1814;3821;454;105.7;61.0;47.773895;-3.529886;-959;-57;797;-23;-507;-1;0;1;-1;0x0000000000000002;7.7
06/09/2020;11:40:09.050;4.6;60;1.11;15;3.87;11.62;7.0;79.2;123;4.1;197.80;0.26;0.02;1953;3823;474;107.9;54.6;47.773723;-3.529923;-1020;-57;-42;-23;-507;-1;0;1;-1;0x0000000000000002;7.7
06/09/2020;11:40:10.050;4.6;58;0.87;15;3.87;11.61;7.1;83.7;125;4.1;203.60;0.27;-0.02;2021;3823;482;112.8;42.3;47.773591;-3.530005;-1024;-57;-262;-23;-507;-1;0;1;-1;0x0000000000000002;7.7
06/09/2020;11:40:11.050;4.6;58;0.86;15;3.86;11.60;7.2;85.6;127;2.9;200.20;0.38;0.05;2005;3822;496;117.7;39.8;47.773516;-3.530036;-1013;-50;977;-23;-510;-1;0;1;-1;0x0000000000000002;7.7
06/09/2020;11:40:12.050;4.6;62;0.98;15;3.86;11.58;7.2;88.2;129;1.3;225.90;0.36;0.03;2143;3822;503;119.2;36.9;47.773413;-3.530103;-1019;-49;887;-23;-507;-1;0;1;-1;0x0000000000000002;7.7
06/09/2020;11:40:13.050;4.6;58;1.09;15;3.86;11.58;7.1;88.8;130;0.3;242.60;0.43;0.07;2378;3824;515;120.4;33.7;47.773373;-3.530156;-1019;-50;645;-23;-510;-1;0;1;-1;0x0000000000000002;7.7
06/09/2020;11:40:14.050;4.6;52;1.57;15;3.86;11.58;7.1;89.2;132;0.5;269.70;0.35;0.06;2692;3824;517;119.9;33.7;47.773355;-3.530226;-493;-52;134;-23;-507;-1;0;1;-1;0x0000000000000002;7.7
06/09/2020;11:40:15.060;4.6;46;1.57;15;3.86;11.59;7.1;89.7;133;1.9;294.80;0.35;0.06;3073;3824;517;119.9;31.9;47.773365;-3.530318;-334;-54;594;-23;-507;-1;0;1;-1;0x0000000000000012;7.7
06/09/2020;11:40:16.060;4.6;46;1.57;15;3.86;11.59;7.1;89.7;133;1.9;294.80;0.35;0.06;3073;3824;517;119.9;31.9;47.773365;-3.530318;-364;-50;514;-23;-507;-1;0;1;-1;0x0000000000000012;7.7
06/09/2020;11:40:17.060;4.6;46;1.57;15;3.86;11.59;7.1;89.7;133;1.9;294.80;0.35;0.06;3073;3824;517;119.9;31.9;47.773365;-3.530318;-612;-55;545;-23;-510;-1;0;1;-1;0x0000000000000012;7.7
06/09/2020;11:40:18.060;4.6;46;1.57;15;3.86;11.59;7.1;89.7;133;1.9;294.80;0.35;0.06;3073;3824;517;119.9;31.9;47.773365;-3.530318;-671;86;489;-23;-510;-1;0;1;-1;0x0000000000000012;7.7
06/09/2020;11:40:19.060;4.6;46;1.57;15;3.86;11.59;7.1;89.7;133;1.9;294.80;0.27;0.06;3073;3824;517;119.9;31.9;47.773365;-3.530318;-734;78;186;-23;-510;-1;0;1;-1;0x0000000000000012;7.7
06/09/2020;11:40:20.080;4.6;38;0.83;15;3.86;11.59;7.1;89.7;133;1.9;294.80;0.27;-0.04;3073;3824;513;119.9;31.9;47.773365;-3.530318;-823;76;78;-23;-507;-1;0;1;-1;0x0000000000000012;7.7
06/09/2020;11:40:21.080;4.6;50;0.83;15;3.84;11.53;8.1;94.4;147;2.1;294.80;0.27;-0.04;3073;3824;513;119.9;50.8;47.773998;-3.530886;-793;76;17;-23;-507;-1;0;1;-1;0x0000000000000002;7.7
06/09/2020;11:40:22.090;4.6;52;0.92;15;3.83;11.50;8.1;95.8;149;1.7;341.90;0.21;-0.01;3410;3824;464;121.4;49.1;47.774115;-3.530946;-808;76;60;-23;-510;-1;0;1;-1;0x0000000000000002;7.7
06/09/2020;11:40:23.100;4.6;50;1.01;15;3.83;11.50;8.2;96.8;151;1.9;339.90;0.21;0.03;3419;3823;451;125.1;46.1;47.774206;-3.530981;-802;75;123;-23;-510;-1;0;1;-1;0x0000000000000002;7.7
06/09/2020;11:40:24.100;4.6;50;1.23;15;3.83;11.49;8.2;98.4;154;1.4;344.40;0.24;0.00;3428;3824;445;126.6;45.7;47.774358;-3.531056;-539;89;-1;-23;-510;-1;0;1;-1;0x0000000000000002;7.7
06/09/2020;11:40:25.100;4.6;52;0.80;15;3.82;11.47;8.3;99.1;156;0.3;339.70;0.16;0.00;3451;3824;434;128.7;47.1;47.774425;-3.531085;-512;151;-97;-23;-510;-1;0;1;-1;0x0000000000000002;7.7
06/09/2020;11:40:26.100;4.6;52;1.27;15;3.82;11.46;8.7;99.0;159;-0.5;342.90;0.19;0.03;3438;3824;429;128.5;48.7;47.774585;-3.531151;-492;151;-247;-23;-510;-1;0;1;-1;0x0000000000000002;7.7
06/09/2020;11:40:27.100;4.6;50;0.88;15;3.81;11.45;8.7;99.1;160;-0.4;342.40;0.16;-0.04;3436;3824;417;128.5;50.6;47.774656;-3.531183;-588;151;-429;-23;-510;-1;0;1;-1;0x0000000000000002;7.7
06/09/2020;11:40:28.110;4.6;50;0.88;15;3.81;11.44;8.7;99.5;162;0.0;340.80;0.15;-0.06;3433;3823;412;128.8;51.3;47.774755;-3.531226;-472;147;-267;-23;-510;-1;0;1;-1;0x0000000000000002;7.7
06/09/2020;11:40:29.110;4.6;52;0.95;15;3.80;11.42;8.6;102.4;166;1.4;336.10;0.15;-0.02;3368;3823;404;130.3;52.3;47.774948;-3.531348;-668;147;-139;-23;-510;-1;0;1;-1;0x0000000000000002;7.7
06/09/2020;11:40:30.110;4.6;50;1.11;15;3.81;11.43;8.6;103.5;168;2.1;336.70;0.20;-0.02;3354;3824;396;132.3;52.4;47.775045;-3.531398;-542;129;-42;-23;-510;-1;0;1;-1;0x0000000000000002;7.7
06/09/2020;11:40:31.120;4.6;50;0.89;15;3.81;11.43;8.6;105.2;170;2.5;335.20;0.13;0.00;3352;3824;396;132.3;52.4;47.775116;-3.531446;-519;125;226;-23;-510;-1;0;1;-1;0x0000000000000002;7.7
06/09/2020;11:40:32.130;4.6;46;0.89;15;3.81;11.43;8.6;105.2;170;2.5;335.20;0.13;0.00;3352;3823;392;134.4;51.9;47.775116;-3.531446;-510;125;481;-23;-507;-1;0;1;-1;0x0000000000000012;7.7
06/09/2020;11:40:33.130;4.6;50;0.89;15;3.81;11.43;8.4;107.5;173;0.5;335.20;0.13;0.00;3352;3823;392;134.4;51.9;47.775305;-3.531653;-560;128;525;-23;-510;-1;0;1;-1;0x0000000000000002;7.7
06/09/2020;11:40:34.140;4.6;48;1.17;15;3.80;11.43;8.4;107.5;173;0.5;335.90;0.13;-0.02;3355;3824;380;136.2;51.9;47.775305;-3.531653;-629;126;501;-23;-507;-1;0;1;-1;0x0000000000000012;7.7
06/09/2020;11:40:35.150;4.6;50;1.17;15;3.80;11.42;8.5;109.1;178;1.3;341.50;0.13;-0.02;3417;3824;380;136.2;52.3;47.775543;-3.531745;-566;128;447;-23;-507;-1;0;1;-1;0x0000000000000002;7.7
06/09/2020;11:40:36.150;4.6;52;0.87;15;3.80;11.41;8.5;112.4;183;0.8;347.20;0.22;0.00;3521;3823;372;138.5;50.4;47.775790;-3.531841;-676;128;608;-23;-507;-1;0;1;-1;0x0000000000000002;7.7
06/09/2020;11:40:37.160;4.6;48;1.53;15;3.80;11.40;8.5;112.9;185;1.5;354.40;0.17;-0.03;3590;3824;364;140.1;50.5;47.775891;-3.531853;-555;126;456;-23;-510;-1;0;1;-1;0x0000000000000012;7.7
06/09/2020;11:40:38.170;4.6;52;0.74;15;3.80;11.40;8.5;114.9;187;1.2;6.60;0.24;-0.02;56;3824;359;140.9;49.2;47.776015;-3.531846;-527;126;328;-23;-510;-1;0;1;-1;0x0000000000000002;7.7
06/09/2020;11:40:39.170;4.6;52;0.86;15;3.79;11.39;8.5;116.1;191;0.7;8.20;0.23;-0.01;85;3824;343;143.3;51.6;47.776190;-3.531828;-605;126;-168;-23;-510;-1;0;1;-1;0x0000000000000002;7.7
06/09/2020;11:40:40.170;4.6;54;0.79;15;3.79;11.38;8.5;116.9;192;1.6;10.70;0.17;-0.03;154;3823;331;144.7;53.5;47.776268;-3.531768;-609;126;-306;-23;-510;-1;0;1;-1;0x0000000000000002;7.7
06/09/2020;11:40:41.170;4.6;52;1.30;15;3.79;11.38;8.5;119.4;195;1.9;13.30;0.14;0.00;153;3823;324;145.9;52.5;47.776446;-3.531706;-576;126;-315;-23;-510;-1;0;1;-1;0x0000000000000002;7.7
06/09/2020;11:40:42.170;4.6;52;0.96;15;3.79;11.38;8.5;120.5;197;1.1;14.00;0.12;0.03;166;3823;318;147.7;51.1;47.776520;-3.531673;-650;126;-411;-23;-510;-1;0;1;-1;0x0000000000000002;7.7
06/09/2020;11:40:43.170;4.6;56;0.95;15;3.79;11.37;8.5;122.4;198;1.3;15.30;0.17;0.00;164;3823;305;149.6;48.6;47.776593;-3.531631;-478;126;-108;-23;-510;-1;0;1;-1;0x0000000000000002;7.7
06/09/2020;11:40:44.170;4.6;54;0.86;15;3.78;11.36;8.5;122.9;202;0.1;15.80;0.15;-0.01;148;3823;299;150.5;47.7;47.776780;-3.531565;-533;126;359;-23;-510;-1;0;1;-1;0x0000000000000002;7.7
06/09/2020;11:40:45.170;4.6;52;1.05;15;3.79;11.37;8.4;123.0;203;0.2;15.00;0.19;0.01;152;3822;289;150.9;48.8;47.776850;-3.531536;-382;126;-105;-23;-507;-1;0;1;-1;0x0000000000000002;7.7
06/09/2020;11:40:46.170;4.6;52;0.94;15;3.78;11.36;8.4;123.8;207;0.1;17.30;0.17;0.04;171;3822;284;151.4;48.7;47.777015;-3.531465;-521;126;-337;-23;-510;-1;0;1;-1;0x0000000000000002;7.7
06/09/2020;11:40:47.170;4.6;54;0.90;15;3.78;11.35;8.4;124.7;210;0.5;16.90;0.15;-0.01;170;3823;274;152.0;50.3;47.777110;-3.531421;-555;128;-405;-23;-510;-1;0;1;-1;0x0000000000000002;7.7
06/09/2020;11:40:48.170;4.6;50;0.98;15;3.78;11.36;8.4;125.2;211;0.5;13.10;0.16;0.02;163;3822;270;152.5;48.2;47.777253;-3.531363;-548;131;-367;-23;-510;-1;0;1;-1;0x0000000000000002;7.7
06/09/2020;11:40:49.170;4.6;54;1.23;15;3.78;11.35;8.4;125.6;213;0.6;7.90;0.19;-0.03;105;3821;262;153.0;47.6;47.777346;-3.531333;-825;132;-157;-23;-510;-1;0;1;-1;0x0000000000000002;7.7
06/09/2020;11:40:50.170;4.6;56;0.90;15;3.77;11.34;8.4;129.2;217;4.0;1.00;0.21;-0.05;51;3821;260;155.5;42.5;47.777501;-3.531303;-932;132;293;-23;-510;-1;0;1;-1;0x0000000000000002;7.7
06/09/2020;11:40:51.170;4.6;62;0.94;15;3.77;11.33;8.5;134.6;220;4.6;2.50;0.29;0.01;16;3823;258;160.5;31.2;47.777608;-3.531296;-995;132;390;-23;-507;-1;0;1;-1;0x0000000000000002;7.7
06/09/2020;11:40:52.170;4.6;68;0.99;15;3.78;11.33;8.6;137.1;221;4.0;1.40;0.38;0.03;34;3824;258;163.5;27.1;47.777651;-3.531291;-1011;132;550;-23;-510;-1;0;1;-1;0x0000000000000002;7.7
06/09/2020;11:40:53.170;4.6;68;0.91;15;3.77;11.31;8.6;141.4;224;3.2;9.50;0.37;0.01;93;3824;257;169.1;21.4;47.777733;-3.531281;-1014;131;478;-23;-510;-1;0;1;-1;0x0000000000000002;7.7
06/09/2020;11:40:54.170;4.6;66;0.74;15;3.77;11.31;8.7;143.1;226;2.1;11.10;0.44;0.02;166;3823;256;172.6;19.2;47.777761;-3.531270;-1002;131;167;-23;-510;-1;0;1;-1;0x0000000000000002;7.7
06/09/2020;11:40:55.170;4.6;68;0.82;15;3.77;11.31;8.7;145.0;229;0.9;18.10;0.45;0.00;207;3823;255;173.6;19.6;47.777816;-3.531240;-1016;131;189;-23;-507;-1;0;1;-1;0x0000000000000002;7.7
06/09/2020;11:40:56.170;4.6;66;0.86;15;3.76;11.30;8.7;146.6;232;1.0;21.40;0.44;0.03;215;3823;253;175.1;22.7;47.777845;-3.531218;-1022;142;-51;-23;-510;-1;0;1;-1;0x0000000000000002;7.7
06/09/2020;11:40:57.170;4.6;60;0.92;15;3.76;11.30;8.7;147.7;233;1.8;34.70;0.44;0.03;349;3823;251;176.1;23.4;47.777915;-3.531166;-1022;138;-215;-23;-510;-1;0;1;-1;0x0000000000000002;7.7
06/09/2020;11:40:58.170;4.6;62;0.88;15;3.76;11.29;8.8;150.5;236;1.8;33.10;0.43;0.01;400;3823;247;179.0;22.3;47.777965;-3.531100;-1017;139;-27;-23;-510;-1;0;1;-1;0x0000000000000002;7.7
06/09/2020;11:40:59.170;4.6;62;0.83;15;3.76;11.29;8.7;151.7;238;1.5;39.60;0.43;0.00;404;3823;242;181.3;20.8;47.777990;-3.531068;-975;132;-1;-23;-510;-1;0;1;-1;0x0000000000000002;7.7
06/09/2020;11:41:00.170;4.6;60;0.92;15;3.76;11.28;8.6;153.4;241;0.9;41.20;0.42;0.05;374;3823;240;182.0;22.9;47.778040;-3.531010;-1017;120;0;-23;-510;-1;0;1;-1;0x0000000000000002;7.7
06/09/2020;11:41:01.170;4.6;56;0.84;15;3.75;11.26;9.1;154.2;242;1.1;43.70;0.48;0.01;389;3823;236;183.3;26.7;47.778068;-3.530965;-1019;184;-22;-23;-510;-1;0;1;-1;0x0000000000000002;7.7
06/09/2020;11:41:02.170;4.6;56;0.92;15;3.75;11.25;9.1;156.4;246;2.0;42.80;0.47;0.04;459;3823;234;184.5;27.6;47.778136;-3.530880;-1004;179;0;-23;-507;-1;0;1;-1;0x0000000000000002;7.7
06/09/2020;11:41:03.170;4.6;56;0.75;15;3.75;11.26;9.1;159.6;247;2.6;44.80;0.45;0.02;446;3823;229;187.1;23.3;47.778163;-3.530838;-942;182;412;-23;-510;-1;0;1;-1;0x0000000000000002;7.7
06/09/2020;11:41:04.170;4.6;60;0.88;15;3.75;11.25;9.1;160.9;250;1.8;35.80;0.48;0.03;331;3823;227;188.5;22.1;47.778216;-3.530775;-999;184;408;-23;-510;-1;0;1;-1;0x0000000000000002;7.7
06/09/2020;11:41:05.170;4.6;64;0.92;15;3.74;11.25;9.1;163.4;254;2.1;33.40;0.46;0.01;334;3823;225;190.7;21.9;47.778280;-3.530713;-945;182;414;-23;-510;-1;0;1;-1;0x0000000000000002;7.7
06/09/2020;11:41:06.170;4.6;64;0.81;15;3.74;11.23;9.1;164.8;255;2.1;37.00;0.45;0.02;369;3823;222;193.4;22.4;47.778306;-3.530683;-832;181;190;-23;-510;-1;0;1;-1;0x0000000000000002;7.7
06/09/2020;11:41:07.170;4.6;66;0.59;15;3.74;11.24;9.1;167.0;258;1.0;39.20;0.40;0.06;414;3823;221;194.3;24.1;47.778358;-3.530615;6;179;4;-23;-510;-1;0;1;-1;0x0000000000000002;7.7
06/09/2020;11:41:08.170;4.6;66;0.86;15;3.74;11.23;9.0;167.4;262;-0.2;42.80;0.34;0.00;381;3823;217;194.8;32.5;47.778425;-3.530575;-153;169;-103;-23;-510;-1;0;1;-1;0x0000000000000002;7.7
06/09/2020;11:41:09.170;4.6;66;0.84;15;3.74;11.24;8.8;167.3;263;-0.5;35.10;0.28;-0.02;339;3823;215;194.0;36.7;47.778483;-3.530470;-293;156;-278;-20;-510;-1;0;1;-1;0x0000000000000002;7.7
06/09/2020;11:41:10.170;4.6;66;1.04;15;3.75;11.25;8.4;167.1;266;-0.2;32.50;0.24;0.01;286;3823;214;193.2;44.2;47.778591;-3.530371;-781;160;-145;-23;-507;-1;0;1;-1;0x0000000000000002;7.7
06/09/2020;11:41:11.170;4.6;66;1.37;15;3.74;11.23;8.7;167.7;268;1.9;26.60;0.26;-0.01;269;3823;214;193.3;46.2;47.778653;-3.530323;-873;162;-87;-23;-510;-1;0;1;-1;0x0000000000000002;7.7
06/09/2020;11:41:12.170;4.6;66;1.17;15;3.74;11.23;8.9;170.5;271;2.5;24.60;0.28;-0.01;250;3823;215;194.5;44.6;47.778776;-3.530236;-891;209;-38;-23;-510;-1;0;1;-1;0x0000000000000002;7.7
06/09/2020;11:41:13.170;4.6;64;0.30;15;3.74;11.21;8.9;173.1;274;2.7;23.40;0.23;0.02;242;3823;218;197.2;41.3;47.778835;-3.530185;-454;181;-555;-23;-510;-1;0;1;-1;0x0000000000000002;7.7
06/09/2020;11:41:14.170;4.6;70;1.14;15;3.74;11.23;8.2;172.9;275;-0.1;17.60;0.23;-0.01;219;3823;220;197.8;44.0;47.778971;-3.530108;-742;97;-691;-23;-510;-1;0;1;-1;0x0000000000000002;7.7
06/09/2020;11:41:15.170;4.6;70;1.20;15;3.74;11.24;8.1;173.8;278;1.9;3.10;0.21;0.01;47;3823;226;197.9;44.4;47.779101;-3.530068;-832;98;-782;-20;-510;-1;0;1;-1;0x0000000000000002;7.7
06/09/2020;11:41:16.170;4.6;70;1.04;15;3.74;11.23;8.1;175.4;280;1.9;351.00;0.23;-0.01;3480;3820;238;199.6;41.2;47.779185;-3.530076;-820;97;-789;-23;-507;-1;0;1;-1;0x0000000000000002;7.7
06/09/2020;11:41:17.170;4.6;72;0.92;15;3.74;11.24;8.2;176.9;283;1.6;332.10;0.25;-0.01;3271;3821;243;201.0;39.9;47.779278;-3.530145;-858;95;-855;-23;-507;-1;0;1;-1;0x0000000000000002;7.7
06/09/2020;11:41:18.170;4.6;74;1.27;15;3.74;11.23;8.2;178.6;284;1.8;318.40;0.23;-0.04;3142;3820;257;202.5;41.7;47.779340;-3.530203;-843;97;-855;-23;-507;-1;0;1;-1;0x0000000000000002;7.7
06/09/2020;11:41:19.170;4.6;76;0.90;15;3.74;11.23;8.1;179.3;287;1.6;285.50;0.20;-0.02;2828;3821;269;203.2;47.0;47.779393;-3.530376;-838;95;-861;-23;-510;-1;0;1;-1;0x0000000000000002;7.7
06/09/2020;11:41:20.170;4.6;74;1.12;15;3.73;11.22;8.1;180.6;290;1.7;265.60;0.18;0.00;2612;3821;278;203.3;51.8;47.779386;-3.530636;-828;95;-876;-23;-510;-1;0;1;-1;0x0000000000000002;7.7
06/09/2020;11:41:21.170;4.6;72;0.89;15;3.74;11.22;8.0;181.2;292;1.5;236.10;0.13;0.02;2375;3821;284;203.3;56.5;47.779328;-3.530788;-790;94;-847;-23;-507;-1;0;1;-1;0x0000000000000002;7.7
06/09/2020;11:41:22.170;4.6;64;0.65;15;3.74;11.22;8.0;181.0;294;-0.2;221.80;0.06;-0.04;2208;3821;288;202.7;61.5;47.779223;-3.530950;-396;91;-672;-23;-510;-1;0;1;-1;0x0000000000000002;7.7
06/09/2020;11:41:23.170;4.6;58;0.70;15;3.74;11.22;7.9;179.7;295;-2.8;217.60;0.01;-0.01;2157;3822;288;198.3;67.8;47.779145;-3.531033;-248;94;-790;-23;-507;-1;0;1;-1;0x0000000000000002;7.7
06/09/2020;11:41:24.170;4.6;54;1.22;15;3.74;11.23;7.8;173.7;298;-4.1;205.30;-0.04;0.02;2122;3821;288;194.8;73.0;47.778965;-3.531195;-243;94;-730;-23;-510;-1;0;1;-1;0x0000000000000002;7.7
06/09/2020;11:41:25.170;4.6;50;0.88;15;3.74;11.22;7.8;173.7;298;-4.1;205.30;-0.07;0.01;2072;3821;288;191.1;77.1;47.778965;-3.531195;-227;94;-691;-23;-510;-1;0;1;-1;0x0000000000000002;7.7
06/09/2020;11:41:26.170;4.6;50;0.88;15;3.74;11.22;7.8;169.7;300;-4.1;205.30;-0.07;0.01;2072;3821;288;191.1;77.1;47.778820;-3.531195;7;92;-34;-20;-510;-1;0;1;-1;0x0000000000000002;7.7
06/09/2020;11:41:27.180;4.6;52;0.88;15;3.74;11.22;7.8;169.7;300;-4.8;196.10;-0.10;-0.06;1949;3821;288;191.1;77.1;47.778820;-3.531285;-84;92;3;-23;-510;-1;0;1;-1;0x0000000000000002;7.7
06/09/2020;11:41:28.180;4.6;50;0.84;15;3.74;11.22;7.6;151.9;306;-4.8;196.10;-0.10;-0.06;1949;3821;277;172.7;92.1;47.778218;-3.531285;-131;92;383;-23;-510;-1;0;1;-1;0x0000000000000002;7.7
06/09/2020;11:41:29.180;4.6;50;0.89;15;3.74;11.22;7.6;151.9;306;-5.5;180.60;-0.19;-0.06;1829;3821;273;172.7;92.1;47.778218;-3.531440;-102;92;136;-23;-510;-1;0;1;-1;0x0000000000000002;7.7
06/09/2020;11:41:30.180;4.6;50;1.13;15;3.74;11.22;7.6;140.1;310;-5.0;179.60;-0.23;-0.06;1804;3821;273;163.8;93.4;47.777798;-3.531456;-195;11;334;-23;-510;-1;0;1;-1;0x0000000000000002;7.7
06/09/2020;11:41:31.180;4.6;56;0.50;15;3.74;11.23;7.0;133.7;312;-4.5;177.90;-0.19;-0.08;1793;3822;272;152.9;92.0;47.777563;-3.531455;-350;-66;406;-23;-510;-1;0;1;-1;0x0000000000000002;7.7
06/09/2020;11:41:32.180;4.6;58;1.33;15;3.75;11.26;6.4;126.9;315;-4.2;179.40;-0.12;-0.01;1789;3822;273;150.7;90.1;47.777245;-3.531448;-280;-65;615;-23;-510;-1;0;1;-1;0x0000000000000002;7.7
06/09/2020;11:41:33.180;4.6;64;0.85;15;3.75;11.25;6.6;121.0;317;-4.1;181.20;-0.10;-0.04;1802;3823;280;147.6;86.4;47.776938;-3.531443;-69;-68;533;-23;-510;-1;0;1;-1;0x0000000000000002;7.7
06/09/2020;11:41:34.180;4.6;64;1.04;15;3.75;11.26;6.5;118.4;318;-4.6;181.30;-0.07;0.03;1817;3823;290;144.2;84.2;47.776811;-3.531448;14;-74;547;-23;-507;-1;0;1;-1;0x0000000000000002;7.7
06/09/2020;11:41:35.180;4.6;66;1.15;15;3.75;11.27;6.5;113.8;320;-3.9;184.10;-0.06;0.00;1831;3823;296;142.8;83.7;47.776560;-3.531463;-63;-74;243;-23;-510;-1;0;1;-1;0x0000000000000002;7.7
06/09/2020;11:41:36.180;4.6;68;1.13;15;3.75;11.25;6.6;110.7;323;-3.2;181.90;-0.03;-0.01;1840;3823;310;140.5;82.1;47.776311;-3.531488;-185;-70;29;-23;-510;-1;0;1;-1;0x0000000000000002;7.7
06/09/2020;11:41:37.180;4.6;66;1.06;15;3.75;11.25;6.6;109.5;324;-2.9;183.50;-0.04;0.02;1831;3823;327;138.7;81.1;47.776190;-3.531503;-254;-71;-98;-23;-507;-1;0;1;-1;0x0000000000000002;7.7
06/09/2020;11:41:38.180;4.6;62;1.01;15;3.75;11.25;6.6;107.8;326;-1.5;180.10;0.01;-0.04;1818;3823;335;137.7;78.9;47.775911;-3.531518;-271;-63;-273;-23;-507;-1;0;1;-1;0x0000000000000002;7.7
06/09/2020;11:41:39.180;4.6;64;0.59;15;3.75;11.25;6.7;107.6;327;-0.8;180.40;0.02;-0.01;1801;3822;352;136.7;76.2;47.775796;-3.531520;-283;-47;-377;-23;-507;-1;0;1;-1;0x0000000000000002;7.7
06/09/2020;11:41:40.180;4.6;62;0.99;15;3.74;11.23;7.0;107.5;330;-0.7;175.90;0.05;-0.01;1755;3822;360;136.5;75.3;47.775568;-3.531508;-295;41;-416;-23;-510;-1;0;1;-1;0x0000000000000002;7.7
06/09/2020;11:41:41.180;4.6;60;0.80;15;3.74;11.22;7.5;107.3;332;-0.5;170.60;0.03;-0.01;1729;3822;375;136.0;75.2;47.775345;-3.531490;-49;45;-9;-23;-510;-1;0;1;-1;0x0000000000000002;7.7
06/09/2020;11:41:42.180;4.6;64;0.48;15;3.73;11.20;7.5;107.2;334;-0.8;169.60;0.02;-0.10;1686;3822;390;135.6;75.7;47.775196;-3.531423;-88;44;-38;-23;-510;-1;0;1;-1;0x0000000000000002;7.7
06/09/2020;11:41:43.180;4.6;66;1.17;15;3.73;11.20;7.5;107.2;336;0.3;166.60;0.01;-0.08;1672;3821;397;134.8;76.6;47.774975;-3.531345;-283;47;439;-23;-507;-1;0;1;-1;0x0000000000000002;7.7
06/09/2020;11:41:44.180;4.6;64;1.24;15;3.72;11.20;7.5;107.9;338;1.0;166.20;0.03;-0.03;1641;3821;412;135.4;73.4;47.774866;-3.531298;-406;85;392;-23;-510;-1;0;1;-1;0x0000000000000002;7.7
06/09/2020;11:41:45.180;4.6;58;0.50;15;3.73;11.19;7.8;109.9;340;2.3;159.40;0.05;-0.04;1632;3821;419;136.2;71.2;47.774658;-3.531191;-453;83;411;-23;-507;-1;0;1;-1;0x0000000000000002;7.7
06/09/2020;11:41:46.180;4.6;60;0.90;15;3.72;11.17;7.9;112.4;342;2.3;160.00;0.08;0.00;1623;3821;434;139.3;67.7;47.774525;-3.531145;-557;82;415;-23;-510;-1;0;1;-1;0x0000000000000002;7.7
06/09/2020;11:41:47.180;4.6;62;0.79;15;3.72;11.17;7.9;113.7;345;2.7;157.70;0.11;0.00;1609;3821;441;140.7;66.6;47.774335;-3.531051;-492;82;628;-23;-510;-1;0;1;-1;0x0000000000000002;7.7
06/09/2020;11:41:48.180;4.6;64;0.91;15;3.72;11.16;7.9;115.9;347;1.1;160.50;0.14;-0.01;1607;3821;456;144.0;64.1;47.774151;-3.530956;-296;81;622;-23;-507;-1;0;1;-1;0x0000000000000002;7.7
06/09/2020;11:41:49.180;4.6;62;0.96;15;3.72;11.16;7.9;116.3;349;0.2;163.30;0.12;-0.01;1625;3822;471;145.9;64.4;47.774060;-3.530913;-143;86;337;-23;-510;-1;0;1;-1;0x0000000000000002;7.7
06/09/2020;11:41:50.180;4.6;66;1.11;15;3.71;11.15;8.2;116.6;352;1.3;162.10;0.12;0.00;1618;3821;479;146.3;67.1;47.773840;-3.530808;-445;131;433;-23;-507;-1;0;1;-1;0x0000000000000002;7.7
06/09/2020;11:41:51.180;4.6;68;1.02;15;3.71;11.14;8.3;118.0;353;2.3;162.80;0.15;0.02;1630;3820;495;149.5;66.4;47.773743;-3.530765;-599;132;361;-23;-510;-1;0;1;-1;0x0000000000000002;7.7
06/09/2020;11:41:52.180;4.6;68;0.88;15;3.71;11.13;8.3;121.8;356;3.2;162.90;0.15;0.01;1628;3821;504;151.8;64.9;47.773555;-3.530678;-662;132;451;-23;-510;-1;0;1;-1;0x0000000000000002;7.7
06/09/2020;11:41:53.180;4.6;68;0.78;15;3.70;11.12;8.3;125.7;359;3.2;162.10;0.19;0.00;1637;3821;521;156.6;60.6;47.773376;-3.530638;-21;129;7;-23;-507;-1;0;1;-1;0x0000000000000002;7.7
06/09/2020;11:41:54.180;4.6;66;1.05;15;3.70;11.12;8.3;126.7;360;0.8;161.20;0.13;0.01;1632;3821;537;159.4;61.4;47.773290;-3.530548;-240;131;-191;-23;-507;-1;0;1;-1;0x0000000000000002;7.7
06/09/2020;11:41:55.180;4.6;68;1.06;15;3.70;11.12;8.2;129.1;363;2.7;158.90;0.13;-0.02;1601;3821;546;160.7;63.9;47.773078;-3.530458;-555;131;-552;-23;-507;-1;0;1;-1;0x0000000000000002;7.7
06/09/2020;11:41:56.180;4.6;66;0.74;15;3.70;11.11;8.3;131.2;365;3.3;156.60;0.18;-0.02;1554;3822;562;164.7;62.7;47.772990;-3.530403;-647;131;-724;-23;-507;-1;0;1;-1;0x0000000000000002;7.7
06/09/2020;11:41:57.180;4.6;60;0.90;15;3.70;11.11;8.3;135.9;368;3.9;138.10;0.18;-0.03;1421;3822;569;166.9;62.5;47.772828;-3.530263;-644;129;-701;-23;-510;-1;0;1;-1;0x0000000000000002;7.7
06/09/2020;11:41:58.180;4.6;60;0.90;15;3.70;11.10;8.3;141.1;371;3.9;130.50;0.19;-0.01;1336;3821;580;171.3;61.4;47.772760;-3.530140;-771;129;-552;-23;-510;-1;0;1;-1;0x0000000000000002;7.7
06/09/2020;11:41:59.180;4.6;52;0.90;15;3.70;11.10;8.3;143.8;372;4.7;115.40;0.19;-0.05;1176;3821;583;173.4;61.1;47.772636;-3.529913;-865;129;-369;-23;-510;-1;0;1;-1;0x0000000000000002;7.7
06/09/2020;11:42:00.180;4.6;50;0.91;15;3.69;11.10;8.3;146.7;374;5.5;111.80;0.20;0.00;1099;3821;586;179.4;62.8;47.772601;-3.529781;-892;125;-207;-23;-507;-1;0;1;-1;0x0000000000000002;7.7
06/09/2020;11:42:01.180;4.6;26;0.91;15;3.69;11.10;8.3;146.7;374;5.5;111.80;0.20;0.00;1099;3821;586;179.4;61.4;47.772601;-3.529781;-801;123;686;-23;-510;-1;0;1;-1;0x0000000000000012;7.7
06/09/2020;11:42:02.200;4.6;26;0.91;15;3.69;11.10;8.3;146.7;374;5.5;111.80;0.20;0.00;1099;3821;586;179.4;61.4;47.772601;-3.529781;-1022;123;-625;-23;-510;-1;0;1;-1;0x0000000000000012;7.7
06/09/2020;11:42:03.210;4.6;44;0.91;15;3.69;11.10;8.3;146.7;375;5.9;104.80;0.20;0.00;1008;3821;586;179.4;61.4;47.772578;-3.529648;-1024;122;-635;-23;-510;-1;0;1;-1;0x0000000000000012;7.7
06/09/2020;11:42:04.220;4.6;48;0.67;15;3.69;11.10;8.3;146.7;375;5.9;104.80;0.23;0.00;1008;3821;586;179.4;61.4;47.772578;-3.529648;-1024;119;-677;-23;-510;-1;0;1;-1;0x0000000000000012;7.7
06/09/2020;11:42:05.230;4.6;60;0.92;15;3.69;11.08;8.3;169.4;386;3.7;40.90;0.29;-0.02;549;3821;565;198.7;49.0;47.772691;-3.528688;-1010;117;-665;-23;-507;-1;0;1;-1;0x0000000000000002;7.7
06/09/2020;11:42:06.230;4.6;60;0.82;15;3.69;11.08;8.2;172.8;389;3.4;29.00;0.31;-0.02;339;3818;551;201.8;48.5;47.772748;-3.528625;-998;114;-612;-23;-510;-1;0;1;-1;0x0000000000000002;7.7
06/09/2020;11:42:07.230;4.6;62;1.02;15;3.69;11.08;8.2;174.5;391;3.9;8.80;0.25;-0.01;81;3820;542;202.7;48.2;47.772881;-3.528556;-965;113;-628;-23;-510;-1;0;1;-1;0x0000000000000002;7.7
06/09/2020;11:42:08.230;4.6;62;0.78;15;3.69;11.08;8.2;177.9;394;1.5;1.50;0.20;0.00;3580;3820;526;205.4;45.6;47.773018;-3.528568;-606;109;-928;-23;-507;-1;0;1;-1;0x0000000000000002;7.7
06/09/2020;11:42:09.230;4.6;60;1.00;15;3.69;11.06;8.1;177.7;395;-1.1;339.90;0.16;0.04;3430;3821;510;204.9;48.1;47.773110;-3.528595;-521;109;-908;-23;-507;-1;0;1;-1;0x0000000000000002;7.7
06/09/2020;11:42:10.230;4.6;50;0.78;15;3.69;11.08;8.0;175.1;398;-1.7;333.00;0.07;-0.03;3312;3821;503;202.5;56.3;47.773248;-3.528718;6;110;0;-23;-510;-1;0;1;-1;0x0000000000000002;7.7
06/09/2020;11:42:11.230;4.6;48;0.91;15;3.69;11.08;8.0;175.1;398;-2.8;325.70;-0.02;-0.06;3208;3821;503;202.5;56.3;47.773248;-3.528718;4;116;-72;-23;-510;-1;0;1;-1;0x0000000000000012;7.7
06/09/2020;11:42:12.230;4.6;48;0.91;15;3.69;11.08;7.9;172.0;400;-2.8;325.70;-0.02;-0.06;3208;3821;496;199.9;60.8;47.773248;-3.528718;6;117;-68;-23;-507;-1;0;1;-1;0x0000000000000012;7.7
06/09/2020;11:42:13.230;4.6;48;0.91;15;3.69;11.08;7.9;172.0;400;-4.0;315.10;-0.09;0.01;3137;3821;496;199.9;60.8;47.773361;-3.528871;174;111;79;-23;-507;-1;0;1;-1;0x0000000000000012;7.7
06/09/2020;11:42:14.230;4.6;48;1.06;15;3.69;11.08;7.9;172.0;400;-4.0;315.10;-0.09;0.01;3137;3821;472;186.9;60.8;47.773361;-3.528871;274;111;386;-23;-507;-1;0;1;-1;0x0000000000000012;7.7
06/09/2020;11:42:15.230;4.6;48;1.06;15;3.69;11.09;7.9;172.0;400;-4.0;315.10;-0.09;0.01;3137;3821;472;186.9;74.3;47.773361;-3.528871;234;111;572;-23;-510;-1;0;1;-1;0x0000000000000012;7.7
06/09/2020;11:42:16.230;4.6;50;1.06;15;3.69;11.09;7.7;154.4;408;-3.6;308.60;-0.09;0.01;3137;3821;472;186.9;74.3;47.773801;-3.529658;134;97;625;-23;-510;-1;0;1;-1;0x0000000000000002;7.7
06/09/2020;11:42:17.240;4.6;48;1.03;15;3.69;11.09;7.7;154.4;408;-3.6;308.60;-0.20;-0.04;3062;3821;446;172.3;74.3;47.773801;-3.529658;225;17;630;-23;-510;-1;0;1;-1;0x0000000000000012;7.7
06/09/2020;11:42:18.250;4.6;48;1.03;15;3.69;11.07;7.6;147.3;412;-2.2;307.40;-0.20;-0.04;3102;3821;446;172.3;76.9;47.773986;-3.530071;218;38;644;-23;-507;-1;0;1;-1;0x0000000000000012;7.7
06/09/2020;11:42:19.260;4.6;48;0.83;15;3.69;11.07;7.6;147.3;412;-2.2;307.40;-0.16;0.01;3102;3821;446;172.3;76.9;47.773986;-3.530071;229;42;728;-23;-507;-1;0;1;-1;0x0000000000000012;7.7
06/09/2020;11:42:20.260;4.6;48;0.83;15;3.69;11.07;7.6;147.3;412;-2.2;307.40;-0.16;0.01;3102;3821;435;167.5;76.9;47.773986;-3.530071;19;39;886;-23;-510;-1;0;1;-1;0x0000000000000012;7.7
06/09/2020;11:42:21.260;4.6;50;0.83;15;3.69;11.09;7.2;134.7;412;-2.2;307.40;-0.16;0.01;3102;3821;435;167.5;72.3;47.773986;-3.530071;7;36;231;-23;-507;-1;0;1;-1;0x0000000000000002;7.7
06/09/2020;11:42:22.270;4.6;48;0.83;15;3.69;11.09;7.2;134.7;420;-2.5;307.40;-0.16;0.01;3102;3821;435;167.5;72.3;47.774488;-3.530813;185;32;354;-23;-507;-1;0;1;-1;0x0000000000000012;7.7
06/09/2020;11:42:23.270;4.6;48;1.21;15;3.69;11.08;7.2;134.7;420;-2.5;325.10;-0.17;0.02;3243;3821;403;159.3;64.6;47.774488;-3.530813;456;10;533;-23;-510;-1;0;1;-1;0x0000000000000012;7.7
06/09/2020;11:42:24.280;4.6;48;0.71;15;3.69;11.08;7.2;130.4;425;-1.6;332.80;-0.08;0.00;3372;3822;394;158.8;62.6;47.774876;-3.531110;581;2;615;-23;-507;-1;0;1;-1;0x0000000000000012;7.7
06/09/2020;11:42:25.290;4.6;46;0.71;15;3.69;11.08;7.1;128.9;425;-1.6;332.80;-0.08;0.00;3372;3822;394;158.8;62.6;47.774876;-3.531110;469;-23;498;-23;-507;-1;0;1;-1;0x0000000000000012;7.7
06/09/2020;11:42:26.290;4.6;48;0.71;15;3.69;11.08;7.1;128.9;427;-3.6;341.10;-0.08;0.00;3372;3822;394;158.8;62.6;47.774993;-3.531196;730;-4;343;-23;-507;-1;0;1;-1;0x0000000000000012;7.7
06/09/2020;11:42:27.290;4.6;44;0.48;15;3.69;11.08;7.1;128.9;427;-3.6;341.10;-0.07;0.02;3394;3822;394;158.8;62.6;47.774993;-3.531196;781;-12;342;-23;-507;-1;0;1;-1;0x0000000000000012;7.7
06/09/2020;11:42:28.290;4.6;50;0.48;15;3.69;11.08;6.9;118.6;427;-3.6;341.10;-0.07;0.02;3394;3820;365;148.8;65.5;47.774993;-3.531196;699;-14;503;-25;-507;-1;0;1;-1;0x0000000000000002;7.7
06/09/2020;11:42:29.300;4.6;50;1.31;15;3.69;11.08;6.9;118.6;434;-5.5;353.70;-0.14;-0.04;3543;3820;365;148.8;65.5;47.775585;-3.531388;686;-12;723;-23;-507;-1;0;1;-1;0x0000000000000002;7.7
06/09/2020;11:42:30.310;4.6;52;1.31;15;3.69;11.09;6.8;109.2;438;-3.6;353.70;-0.14;-0.04;3543;3822;343;137.5;72.5;47.775938;-3.531400;290;-17;10;-23;-507;-1;0;1;-1;0x0000000000000002;7.7
06/09/2020;11:42:31.310;4.6;56;0.50;15;3.69;11.07;6.8;105.9;440;-1.6;14.10;-0.12;-0.02;108;3820;313;130.5;73.6;47.776118;-3.531366;640;60;-142;-23;-507;-1;0;1;-1;0x0000000000000002;7.7
06/09/2020;11:42:32.310;4.6;54;0.69;15;3.68;11.06;7.5;103.0;442;-3.3;13.20;-0.16;-0.03;143;3820;303;129.1;72.9;47.776331;-3.531291;751;76;-77;-23;-507;-1;0;1;-1;0x0000000000000002;7.7
06/09/2020;11:42:33.310;4.6;54;1.22;15;3.68;11.04;7.4;100.4;444;-4.6;15.50;-0.11;-0.02;150;3820;286;124.0;72.9;47.776435;-3.531251;749;72;551;-23;-510;-1;0;1;-1;0x0000000000000002;7.7
06/09/2020;11:42:34.310;4.6;56;1.45;15;3.69;11.06;7.4;94.1;446;-5.3;18.10;-0.13;0.02;179;3820;268;119.9;70.6;47.776678;-3.531146;653;70;866;-23;-507;-1;0;1;-1;0x0000000000000002;7.7
06/09/2020;11:42:35.310;4.6;60;0.92;15;3.68;11.05;7.4;88.2;449;-4.2;30.60;-0.14;0.03;325;3820;258;113.6;75.7;47.776883;-3.531006;605;69;898;-23;-510;-1;0;1;-1;0x0000000000000002;7.7
06/09/2020;11:42:36.310;4.6;66;1.30;15;3.68;11.04;7.3;83.1;450;-3.7;38.10;-0.18;-0.06;406;3820;236;107.8;77.0;47.776978;-3.530910;564;69;859;-23;-507;-1;0;1;-1;0x0000000000000002;7.7
06/09/2020;11:42:37.310;4.6;70;1.14;15;3.68;11.04;7.3;80.9;453;-3.3;56.30;-0.18;0.05;570;3822;224;105.0;76.8;47.777135;-3.530610;588;-23;383;-23;-510;-1;0;1;-1;0x0000000000000002;7.7
06/09/2020;11:42:38.310;4.6;74;1.49;15;3.69;11.08;6.6;76.8;455;-3.6;64.20;-0.21;-0.01;664;3821;192;96.6;76.2;47.777226;-3.530351;621;-100;525;-23;-510;-1;0;1;-1;0x0000000000000002;7.7
06/09/2020;11:42:39.310;4.6;78;0.97;15;3.69;11.09;6.1;70.0;457;-4.0;71.80;-0.23;-0.13;726;3819;173;91.9;75.6;47.777313;-3.530030;569;-87;231;-23;-507;-1;0;1;-1;0x0000000000000002;7.7
06/09/2020;11:42:40.310;4.6;78;0.90;15;3.69;11.09;6.2;65.2;459;-4.1;82.30;-0.21;0.00;833;3820;153;85.7;80.0;47.777345;-3.529740;565;-89;7;-23;-510;-1;0;1;-1;0x0000000000000002;7.7
06/09/2020;11:42:41.310;4.6;78;1.27;15;3.69;11.09;6.1;60.1;460;-3.2;87.70;-0.18;-0.02;888;3819;134;81.0;80.3;47.777356;-3.529501;272;-97;-453;-23;-507;-1;0;1;-1;0x0000000000000002;7.7
06/09/2020;11:42:42.310;4.6;72;1.18;15;3.69;11.09;6.1;56.3;462;-2.5;90.10;-0.16;0.02;918;3820;104;75.2;80.4;47.777355;-3.529201;104;-93;-839;-23;-510;-1;0;1;-1;0x0000000000000002;7.7
06/09/2020;11:42:43.310;4.6;76;1.02;15;3.69;11.08;6.3;50.8;463;-2.8;87.90;-0.10;-0.03;902;3820;87;72.4;76.3;47.777348;-3.528968;25;-92;-934;-23;-507;-1;0;1;-1;0x0000000000000002;7.7
06/09/2020;11:42:44.310;4.6;76;0.97;15;3.69;11.08;6.2;46.9;466;-3.9;79.70;-0.08;-0.06;862;3820;70;70.6;73.7;47.777363;-3.528578;7;-90;-1020;-23;-510;-1;0;1;-1;0x0000000000000002;7.7
06/09/2020;11:42:45.310;4.6;80;1.37;15;3.69;11.08;6.3;42.9;467;-4.1;66.90;-0.02;0.04;696;3818;54;68.0;69.0;47.777395;-3.528326;6;-92;-1022;-23;-510;-1;0;1;-1;0x0000000000000002;7.7
06/09/2020;11:42:46.310;4.6;80;1.22;15;3.69;11.07;6.3;39.8;469;-3.3;54.30;-0.03;-0.01;565;3821;30;66.3;65.2;47.777470;-3.528155;-4;-85;-708;-23;-510;-1;0;1;-1;0x0000000000000002;7.7
06/09/2020;11:42:47.310;4.6;82;0.94;15;3.68;11.07;6.4;37.7;470;-2.3;44.90;-0.01;0.01;415;3821;14;64.1;60.3;47.777578;-3.527988;-307;-22;-64;-23;-510;-1;0;1;-1;0x0000000000000002;7.7
06/09/2020;11:42:48.310;4.6;80;1.33;15;3.68;11.04;7.3;36.5;473;-1.1;39.40;0.05;-0.02;361;3822;0;63.7;58.5;47.777721;-3.527830;-588;19;307;-23;-510;-1;0;1;-1;0x0000000000000002;7.7
06/09/2020;11:42:49.310;4.6;80;1.45;15;3.67;11.02;7.5;37.6;475;2.4;31.50;0.10;0.03;300;3822;14;64.9;53.9;47.777841;-3.527721;-781;70;542;-23;-510;-1;0;1;-1;0x0000000000000002;7.7
06/09/2020;11:42:50.310;4.6;76;0.88;15;3.66;11.00;8.1;40.5;477;3.6;27.80;0.16;0.02;311;3822;26;67.3;46.0;47.777926;-3.527650;-789;111;803;-23;-510;-1;0;1;-1;0x0000000000000002;7.7
06/09/2020;11:42:51.310;4.6;76;1.04;15;3.66;10.99;8.1;43.5;479;2.5;35.70;0.26;-0.01;352;3822;43;72.6;41.0;47.778015;-3.527566;-920;111;1011;-23;-507;-1;0;1;-1;0x0000000000000002;7.7
06/09/2020;11:42:52.310;4.6;82;1.05;15;3.65;10.98;8.2;47.3;481;2.7;53.50;0.32;0.04;557;3822;51;76.0;37.3;47.778070;-3.527488;-977;113;1024;-23;-510;-1;0;1;-1;0x0000000000000002;7.7
06/09/2020;11:42:53.310;4.6;72;1.05;15;3.65;10.96;8.3;49.8;484;2.0;75.70;0.38;0.09;796;3824;59;78.4;38.8;47.778106;-3.527305;-983;113;1024;-23;-510;-1;0;1;-1;0x0000000000000002;7.7
06/09/2020;11:42:54.310;4.6;76;0.89;15;3.65;10.96;8.2;51.6;486;1.7;122.40;0.32;0.04;1194;3823;65;79.9;43.9;47.778075;-3.527156;-502;110;861;-23;-510;-1;0;1;-1;0x0000000000000002;7.7
06/09/2020;11:42:55.310;4.6;70;1.07;15;3.65;10.97;8.2;52.5;488;0.9;140.70;0.32;0.04;1358;3823;70;79.8;52.2;47.778011;-3.527046;-849;116;509;-23;-507;-1;0;1;-1;0x0000000000000002;7.7
06/09/2020;11:42:56.310;4.6;70;0.84;15;3.65;10.96;8.2;54.6;490;4.5;158.60;0.19;-0.05;1560;3823;71;79.2;61.1;47.777915;-3.526935;-911;117;404;-23;-507;-1;0;1;-1;0x0000000000000002;7.7
06/09/2020;11:42:57.310;4.6;74;1.08;15;3.65;10.96;8.2;57.5;493;2.8;164.40;0.26;0.02;1629;3824;73;80.0;61.3;47.777715;-3.526876;-932;120;372;-23;-507;-1;0;1;-1;0x0000000000000002;7.7
06/09/2020;11:42:58.310;4.6;76;1.03;15;3.65;10.95;8.2;58.3;495;2.6;175.70;0.23;0.03;1736;3824;76;80.3;61.1;47.777563;-3.526818;-986;119;317;-23;-510;-1;0;1;-1;0x0000000000000002;7.7
06/09/2020;11:42:59.310;4.6;78;1.01;15;3.65;10.95;8.2;59.0;497;2.5;180.70;0.23;0.00;1792;3824;81;80.9;58.3;47.777445;-3.526806;-998;123;329;-23;-507;-1;0;1;-1;0x0000000000000002;7.7
06/09/2020;11:43:00.310;4.6;78;0.90;15;3.64;10.92;8.6;59.3;500;1.8;183.20;0.27;0.01;1838;3824;89;82.9;55.5;47.777305;-3.526813;-1013;176;14;-23;-510;-1;0;1;-1;0x0000000000000002;7.7
06/09/2020;11:43:01.310;4.6;80;0.83;15;3.64;10.93;8.7;59.6;502;1.9;185.20;0.30;0.00;1869;3823;96;84.5;51.6;47.777198;-3.526826;-618;162;18;-23;-510;-1;0;1;-1;0x0000000000000002;7.7
06/09/2020;11:43:02.310;4.6;82;0.98;15;3.64;10.93;8.6;58.7;505;-0.6;191.70;0.27;-0.01;1898;3823;103;85.2;54.7;47.777015;-3.526871;-463;160;65;-23;-510;-1;0;1;-1;0x0000000000000002;7.7
06/09/2020;11:43:03.310;4.6;84;1.27;15;3.64;10.93;8.5;58.3;507;0.7;191.30;0.24;0.01;1953;3823;111;85.4;60.9;47.776900;-3.526926;-713;178;40;-23;-510;-1;0;1;-1;0x0000000000000002;7.7
06/09/2020;11:43:04.310;4.6;84;0.57;15;3.63;10.91;8.6;59.8;509;1.4;197.40;0.24;0.00;1977;3823;126;86.9;63.1;47.776750;-3.526980;-771;178;112;-23;-510;-1;0;1;-1;0x0000000000000002;7.7
06/09/2020;11:43:05.310;4.6;82;1.03;15;3.63;10.91;8.6;61.1;511;1.8;201.10;0.22;0.02;1986;3823;137;90.3;62.4;47.776630;-3.527056;-855;175;243;-23;-510;-1;0;1;-1;0x0000000000000002;7.7
06/09/2020;11:43:06.310;4.6;80;0.90;15;3.63;10.91;8.6;63.9;515;1.7;202.70;0.22;0.00;2014;3823;148;92.5;60.2;47.776428;-3.527155;-823;175;262;-23;-510;-1;0;1;-1;0x0000000000000002;7.7
06/09/2020;11:43:07.310;4.6;80;0.95;15;3.63;10.90;8.6;65.7;517;1.7;206.20;0.24;-0.01;2052;3823;159;94.9;58.2;47.776295;-3.527245;-763;175;347;-23;-510;-1;0;1;-1;0x0000000000000002;7.7
06/09/2020;11:43:08.310;4.6;78;1.01;15;3.63;10.89;9.1;67.4;519;1.1;206.00;0.31;0.04;2078;3823;170;96.8;56.0;47.776195;-3.527321;-793;253;300;-23;-510;-1;0;1;-1;0x0000000000000002;7.7
06/09/2020;11:43:09.310;4.6;74;0.96;15;3.61;10.88;9.3;68.9;521;0.8;210.30;0.30;0.01;2115;3822;186;99.3;55.5;47.776073;-3.527423;-627;327;-226;-23;-510;-1;0;1;-1;0x0000000000000002;7.7
06/09/2020;11:43:10.310;4.6;70;1.09;15;3.61;10.85;9.8;71.0;524;1.0;213.00;0.29;0.02;2134;3822;196;100.6;59.0;47.775976;-3.527515;-677;318;-176;-23;-510;-1;0;1;-1;0x0000000000000002;7.7
06/09/2020;11:43:11.310;4.6;64;1.14;15;3.61;10.85;9.6;72.1;526;1.9;214.80;0.22;-0.04;2153;3822;210;102.5;59.9;47.775855;-3.527640;-758;297;-549;-23;-507;-1;0;1;-1;0x0000000000000002;7.7
06/09/2020;11:43:12.310;4.6;64;1.13;15;3.61;10.85;9.5;75.8;530;3.0;212.50;0.25;0.00;2133;3822;218;104.1;60.6;47.775705;-3.527795;-731;300;-547;-23;-510;-1;0;1;-1;0x0000000000000002;7.7
06/09/2020;11:43:13.310;4.6;62;0.94;15;3.61;10.85;9.6;77.7;531;2.4;210.70;0.25;0.01;2110;3822;236;107.6;60.4;47.775628;-3.527890;-856;299;-609;-23;-507;-1;0;1;-1;0x0000000000000002;7.7
06/09/2020;11:43:14.310;4.6;66;0.91;15;3.61;10.84;9.5;81.6;535;3.3;203.30;0.25;0.00;2039;3822;245;109.2;59.2;47.775441;-3.528010;-945;228;-456;-23;-510;-1;0;1;-1;0x0000000000000002;7.7
06/09/2020;11:43:15.310;4.6;62;1.14;15;3.62;10.86;9.1;86.2;538;3.7;196.80;0.32;0.01;1994;3822;265;114.3;55.8;47.775281;-3.528055;-721;228;-3;-23;-507;-1;0;1;-1;0x0000000000000002;7.7
06/09/2020;11:43:16.310;4.6;64;0.78;15;3.61;10.86;9.1;88.5;540;1.0;192.30;0.25;0.02;1913;3823;283;118.4;52.6;47.775205;-3.528106;-694;229;71;-23;-510;-1;0;1;-1;0x0000000000000002;7.7
06/09/2020;11:43:17.310;4.6;66;1.41;15;3.61;10.84;9.1;90.3;543;2.6;189.80;0.30;-0.02;1892;3823;293;119.2;57.4;47.775038;-3.528151;-703;237;3;-23;-510;-1;0;1;-1;0x0000000000000002;7.7
06/09/2020;11:43:18.310;4.6;68;0.84;15;3.61;10.84;9.1;92.0;544;2.3;186.00;0.29;0.00;1865;3822;313;123.0;57.0;47.774955;-3.528175;-683;240;81;-23;-510;-1;0;1;-1;0x0000000000000002;7.7
06/09/2020;11:43:19.310;4.6;68;0.77;15;3.61;10.85;9.2;94.9;548;1.6;181.20;0.30;0.02;1837;3824;323;124.4;57.0;47.774758;-3.528195;-679;246;164;-23;-510;-1;0;1;-1;0x0000000000000002;7.7
06/09/2020;11:43:20.310;4.6;70;1.08;15;3.60;10.82;9.6;97.7;551;2.0;180.80;0.32;0.02;1817;3823;343;126.9;59.0;47.774581;-3.528201;-671;304;225;-23;-510;-1;0;1;-1;0x0000000000000002;7.7
06/09/2020;11:43:21.310;4.6;68;0.69;15;3.60;10.81;9.6;99.3;553;1.9;176.70;0.25;0.01;1784;3823;364;128.4;60.4;47.774491;-3.528201;-558;304;400;-23;-510;-1;0;1;-1;0x0000000000000002;7.7
06/09/2020;11:43:22.310;4.6;70;1.10;15;3.60;10.82;9.6;101.4;556;1.7;176.50;0.27;-0.01;1773;3822;375;130.8;64.3;47.774273;-3.528186;-591;302;365;-23;-510;-1;0;1;-1;0x0000000000000002;7.7
06/09/2020;11:43:23.310;4.6;70;0.97;15;3.60;10.81;9.5;102.8;558;2.0;176.20;0.22;-0.01;1770;3823;398;133.7;65.5;47.774175;-3.528178;-796;302;7;-23;-510;-1;0;1;-1;0x0000000000000002;7.7
06/09/2020;11:43:24.310;4.6;72;0.96;15;3.60;10.81;9.5;107.5;562;3.3;173.30;0.20;0.04;1736;3823;415;136.7;63.2;47.774013;-3.528160;-688;302;459;-23;-510;-1;0;1;-1;0x0000000000000002;7.7
06/09/2020;11:43:25.310;4.6;72;1.01;15;3.60;10.80;9.5;110.2;564;3.1;171.50;0.23;0.01;1726;3824;431;139.5;61.5;47.773796;-3.528118;-633;302;631;-23;-510;-1;0;1;-1;0x0000000000000000;7.7
06/09/2020;11:43:26.310;4.6;72;1.07;15;3.60;10.80;9.5;113.2;567;3.2;177.30;0.22;0.00;1756;3824;446;143.2;60.4;47.773676;-3.528091;-677;297;751;-23;-510;-1;0;1;-1;0x0000000000000000;7.7
06/09/2020;11:43:27.310;4.6;72;1.40;15;3.60;10.80;9.4;116.5;569;3.9;179.10;0.21;-0.02;1796;3824;468;148.5;59.0;47.773528;-3.528086;-661;281;855;-23;-507;-1;0;1;-1;0x0000000000000000;7.7
06/09/2020;11:43:28.310;4.6;72;0.96;15;3.60;10.81;9.3;120.2;571;3.0;194.80;0.23;-0.01;1904;3824;482;153.1;56.0;47.773415;-3.528108;-599;284;728;-23;-510;-1;0;1;-1;0x0000000000000002;7.7
06/09/2020;11:43:29.310;4.6;72;1.15;15;3.59;10.79;9.5;123.7;575;2.0;196.00;0.29;0.02;1976;3822;496;155.0;56.7;47.773225;-3.528181;-439;296;282;-23;-510;-1;0;1;-1;0x0000000000000000;7.7
06/09/2020;11:43:30.310;4.6;70;0.48;15;3.59;10.79;9.4;125.5;577;0.2;205.10;0.21;0.01;2049;3823;510;157.3;57.8;47.773093;-3.528268;7;293;4;-23;-510;-1;0;1;-1;0x0000000000000000;7.7
06/09/2020;11:43:31.310;4.6;68;1.09;15;3.59;10.79;9.4;125.9;580;-0.1;205.60;0.18;0.00;2083;3823;524;157.7;62.3;47.772983;-3.528348;7;296;4;-23;-510;-1;0;1;-1;0x0000000000000000;7.7
06/09/2020;11:43:32.310;4.6;64;0.95;15;3.59;10.79;9.3;126.3;583;-0.2;208.50;0.14;0.00;2098;3823;542;157.8;66.2;47.772811;-3.528418;6;294;6;-23;-510;-1;0;1;-1;0x0000000000000000;7.7
06/09/2020;11:43:33.310;4.6;64;0.85;15;3.59;10.79;9.3;126.5;584;-0.2;211.30;0.11;-0.01;2127;3823;563;157.7;68.3;47.772723;-3.528573;-27;299;7;-23;-510;-1;0;1;-1;0x0000000000000000;7.7
06/09/2020;11:43:34.310;4.6;62;0.96;15;3.59;10.79;9.3;127.0;588;0.0;214.10;0.07;-0.05;2141;3823;574;157.7;71.8;47.772518;-3.528780;-242;303;7;-23;-510;-1;0;1;-1;0x0000000000000000;7.7
06/09/2020;11:43:35.310;4.6;60;0.98;15;3.59;10.80;9.3;127.3;589;0.8;219.20;0.05;-0.05;2173;3823;596;158.2;72.0;47.772431;-3.528876;-478;303;-294;-23;-510;-1;0;1;-1;0x0000000000000000;7.7
06/09/2020;11:43:36.310;4.6;60;1.16;15;3.59;10.77;9.3;129.1;592;1.8;221.90;0.08;0.01;2195;3823;607;159.0;71.0;47.772265;-3.529078;-525;303;-401;-23;-510;-1;0;1;-1;0x0000000000000000;7.7
06/09/2020;11:43:37.310;4.6;56;1.58;15;3.59;10.78;9.3;130.3;594;2.0;219.90;0.13;-0.12;2193;3823;628;161.3;67.2;47.772183;-3.529178;-766;303;-8;-23;-510;-1;0;1;-1;0x0000000000000000;7.7
06/09/2020;11:43:38.310;4.6;58;0.53;15;3.59;10.79;9.3;135.6;597;6.4;217.80;0.10;0.00;2193;3820;638;163.7;61.4;47.772030;-3.529393;-772;300;626;-23;-510;-1;0;1;-1;0x0000000000000000;7.7
06/09/2020;11:43:39.310;4.6;64;0.62;15;3.59;10.77;9.3;142.1;601;4.4;220.10;0.14;0.01;2208;3820;655;172.0;50.8;47.771888;-3.529548;-802;290;892;-23;-510;-1;0;1;-1;0x0000000000000000;7.7
06/09/2020;11:43:40.310;4.6;62;1.04;15;3.59;10.77;9.3;144.6;602;4.4;236.50;0.23;0.02;2345;3821;668;177.4;47.2;47.771843;-3.529630;-760;291;867;-23;-510;-1;0;1;-1;0x0000000000000000;7.7
06/09/2020;11:43:41.310;4.6;62;0.94;15;3.58;10.76;9.4;149.4;606;3.1;259.50;0.27;0.02;2651;3821;672;179.7;42.7;47.771798;-3.529810;-689;287;891;-23;-510;-1;0;1;-1;0x0000000000000000;7.7
06/09/2020;11:43:42.310;4.6;62;0.93;15;3.58;10.76;9.4;150.9;607;2.3;274.20;0.25;0.00;2784;3822;676;182.3;48.3;47.771798;-3.529941;-668;287;898;-23;-510;-1;0;1;-1;0x0000000000000000;7.7
06/09/2020;11:43:43.310;4.6;56;0.81;15;3.59;10.76;9.3;152.8;611;1.6;310.00;0.13;-0.05;3073;3823;674;182.3;52.0;47.771866;-3.530143;-274;290;423;-23;-510;-1;0;1;-1;0x0000000000000000;7.7
06/09/2020;11:43:44.310;4.6;52;0.70;15;3.59;10.77;9.2;153.2;612;0.7;315.00;0.08;0.07;3192;3823;670;181.4;56.8;47.771928;-3.530231;7;290;272;-23;-510;-1;0;1;-1;0x0000000000000000;7.7
06/09/2020;11:43:45.310;4.6;50;0.70;15;3.58;10.76;9.2;152.3;614;-0.4;325.60;0.02;0.07;3272;3821;664;179.7;63.1;47.772028;-3.530343;63;306;81;-23;-507;-1;0;1;-1;0x0000000000000000;7.7
06/09/2020;11:43:46.310;4.6;48;0.85;15;3.58;10.76;9.2;152.3;614;-0.4;325.60;0.02;-0.03;3272;3822;652;175.2;63.1;47.772028;-3.530343;9;302;7;-23;-510;-1;0;1;-1;0x0000000000000010;7.7
06/09/2020;11:43:47.320;4.6;50;0.85;15;3.58;10.77;9.1;150.2;617;-0.4;325.60;0.02;-0.03;3272;3822;652;175.2;71.9;47.772180;-3.530343;9;378;6;-23;-510;-1;0;1;-1;0x0000000000000000;7.7
06/09/2020;11:43:48.320;4.6;48;0.85;15;3.58;10.77;9.1;150.2;617;-0.9;325.60;0.02;-0.03;3272;3822;652;175.2;71.9;47.772180;-3.530538;11;377;6;-23;-507;-1;0;1;-1;0x0000000000000010;7.7
06/09/2020;11:43:49.320;4.6;48;0.85;15;3.58;10.77;9.1;150.2;617;-0.9;337.20;0.02;-0.03;3404;3822;652;175.2;71.9;47.772180;-3.530538;9;378;4;-23;-510;-1;0;1;-1;0x0000000000000010;7.7
06/09/2020;11:43:50.320;4.6;50;0.85;15;3.58;10.77;9.1;150.2;617;-0.9;337.20;-0.10;0.07;3404;3822;652;175.2;71.9;47.772180;-3.530538;9;378;6;-23;-510;-1;0;1;-1;0x0000000000000000;7.7
06/09/2020;11:43:51.340;4.6;50;0.69;15;3.58;10.77;9.1;150.2;617;-0.9;337.20;-0.10;0.07;3404;3821;568;175.2;71.9;47.772180;-3.530538;9;375;6;-23;-510;-1;0;1;-1;0x0000000000000000;7.7
06/09/2020;11:43:52.350;4.6;52;1.31;15;3.57;10.73;9.4;120.2;632;-5.1;355.50;-0.16;0.09;3540;3822;517;139.8;93.1;47.773455;-3.530950;-168;375;-281;-23;-510;-1;0;1;-1;0x0000000000000000;7.7
06/09/2020;11:43:53.350;4.6;52;1.22;15;3.57;10.73;9.4;111.2;636;-5.2;353.10;-0.15;-0.09;3567;3822;500;136.2;93.0;47.773826;-3.530988;-341;375;-434;-23;-510;-1;0;1;-1;0x0000000000000000;7.7
06/09/2020;11:43:54.350;4.6;54;0.16;15;3.58;10.74;9.4;108.4;638;-3.1;357.90;-0.19;0.06;3587;3822;484;133.5;92.8;47.773965;-3.530993;-21;386;-102;-23;-510;-1;0;1;-1;0x0000000000000000;7.7
06/09/2020;11:43:55.350;4.6;52;1.13;15;3.57;10.74;9.4;105.9;640;-4.2;359.60;-0.16;0.07;3590;3823;452;130.9;87.5;47.774146;-3.531000;-12;456;-95;-23;-510;-1;0;1;-1;0x0000000000000000;7.7
06/09/2020;11:43:56.350;4.6;54;1.14;15;3.56;10.69;9.9;100.7;644;-4.6;3.20;-0.17;-0.02;7;3822;438;129.0;85.9;47.774453;-3.531003;-12;487;-343;-23;-510;-1;0;1;-1;0x0000000000000000;7.7
06/09/2020;11:43:57.350;4.6;52;1.18;15;3.56;10.69;10.1;98.5;646;-4.4;0.70;-0.11;0.00;14;3823;413;125.7;82.0;47.774578;-3.531000;588;471;1;-23;-510;-1;0;1;-1;0x0000000000000000;7.7
06/09/2020;11:43:58.350;4.6;50;0.79;15;3.56;10.68;10.1;92.6;648;-4.6;0.50;-0.12;-0.04;20;3823;398;123.2;78.2;47.774703;-3.530995;263;377;-29;-23;-507;-1;0;1;-1;0x0000000000000000;7.7
06/09/2020;11:43:59.350;4.6;52;1.08;15;3.56;10.71;9.5;89.1;652;-3.2;5.60;-0.14;-0.02;53;3822;381;119.1;83.1;47.775073;-3.530966;12;380;-249;-23;-507;-1;0;1;-1;0x0000000000000000;7.7
06/09/2020;11:44:00.350;4.6;56;1.37;15;3.56;10.68;10.2;87.4;654;-1.9;6.40;-0.13;-0.03;69;3821;354;115.7;80.4;47.775196;-3.530940;17;564;-199;-23;-507;-1;0;1;-1;0x0000000000000000;7.7
06/09/2020;11:44:01.350;4.6;60;1.58;15;3.54;10.64;10.8;86.9;658;-0.6;9.50;-0.03;0.05;91;3822;330;115.0;78.9;47.775473;-3.530890;33;558;-197;-23;-510;-1;0;1;-1;0x0000000000000000;7.7
06/09/2020;11:44:02.350;4.6;56;1.02;15;3.54;10.63;10.7;86.8;662;-1.2;10.70;-0.02;0.00;108;3822;319;115.1;77.1;47.775705;-3.530830;38;545;-226;-23;-507;-1;0;1;-1;0x0000000000000000;7.7
06/09/2020;11:44:03.350;4.6;54;1.12;15;3.54;10.64;10.8;86.1;664;-1.0;10.80;0.00;-0.02;110;3821;297;114.2;76.2;47.775818;-3.530786;49;744;1;-23;-507;-1;0;1;-1;0x0000000000000000;7.7
06/09/2020;11:44:04.350;4.6;56;0.91;15;3.50;10.50;14.5;86.3;668;0.2;13.40;0.02;0.03;121;3820;286;114.1;75.7;47.776080;-3.530720;14;1024;1;-23;-510;-1;0;1;-1;0x0000000000000000;7.7
06/09/2020;11:44:05.350;4.6;60;1.00;15;3.48;10.46;14.6;86.3;673;-1.0;11.90;0.03;-0.01;130;3821;265;114.0;76.0;47.776303;-3.530640;14;1024;1;-23;-507;-1;0;1;-1;0x0000000000000001;7.7
06/09/2020;11:44:06.350;4.6;58;0.67;15;3.48;10.46;14.6;86.2;676;-0.3;13.30;0.09;-0.04;152;3820;245;113.4;76.1;47.776415;-3.530598;14;530;1;-23;-507;-1;0;1;-1;0x0000000000000001;7.7
06/09/2020;11:44:07.350;4.6;58;1.47;15;3.56;10.69;7.7;87.0;680;1.2;18.50;-0.09;-0.06;168;3820;235;113.9;75.4;47.776636;-3.530490;11;-38;79;-23;-510;-1;0;1;-1;0x0000000000000000;7.7
06/09/2020;11:44:08.350;4.6;56;0.85;15;3.60;10.83;6.1;87.4;681;0.5;17.50;-0.11;0.04;189;3821;216;115.3;67.4;47.776775;-3.530440;-30;-121;570;-23;-510;-1;0;1;-1;0x0000000000000000;7.7
06/09/2020;11:44:09.350;4.6;56;0.84;15;3.61;10.84;5.6;87.6;683;0.6;26.00;-0.05;0.01;253;3820;207;116.1;63.8;47.776961;-3.530328;-128;-164;744;-23;-507;-1;0;1;-1;0x0000000000000002;7.7
06/09/2020;11:44:10.350;4.6;52;1.31;15;3.62;10.86;5.6;87.8;684;0.6;32.00;-0.02;0.02;337;3819;190;117.0;58.6;47.777043;-3.530261;-33;-250;841;-23;-507;-1;0;1;-1;0x0000000000000002;7.7
06/09/2020;11:44:11.350;4.6;68;0.84;15;3.63;10.89;5.0;88.0;686;0.3;52.00;-0.03;0.02;515;3823;181;117.4;57.1;47.777176;-3.530090;597;-302;544;-23;-510;-1;0;1;-1;0x0000000000000002;7.7
06/09/2020;11:44:12.350;4.6;74;0.92;15;3.64;10.91;4.6;86.0;687;-4.0;63.40;-0.08;-0.06;635;3823;156;114.4;56.1;47.777265;-3.529873;239;-302;231;-23;-510;-1;0;1;-1;0x0000000000000002;7.7
06/09/2020;11:44:13.350;4.6;78;1.19;15;3.64;10.91;5.0;82.0;689;-1.6;70.60;-0.02;0.04;740;3822;141;110.1;62.6;47.777308;-3.529713;-376;-135;7;-23;-510;-1;0;1;-1;0x0000000000000002;7.7
06/09/2020;11:44:14.350;4.6;76;0.82;15;3.62;10.86;6.1;81.3;691;-0.1;82.20;-0.01;-0.05;850;3821;126;108.8;62.7;47.777351;-3.529393;-6;-109;-110;-23;-507;-1;0;1;-1;0x0000000000000002;7.7
06/09/2020;11:44:15.350;4.6;78;0.57;15;3.63;10.92;4.6;79.8;692;-2.5;88.10;-0.07;-0.05;886;3821;110;107.4;62.6;47.777360;-3.529160;318;-337;-497;-23;-507;-1;0;1;-1;0x0000000000000002;7.7
06/09/2020;11:44:16.350;4.6;80;1.06;15;3.64;10.94;4.3;76.9;693;-2.9;90.90;-0.04;0.02;920;3822;88;102.9;63.2;47.777358;-3.528971;179;-343;-42;-23;-507;-1;0;1;-1;0x0000000000000002;7.7
06/09/2020;11:44:17.350;4.6;76;1.15;15;3.64;10.94;4.3;73.9;694;-2.2;96.50;-0.07;-0.02;963;3822;75;100.6;64.3;47.777348;-3.528735;-52;-332;548;-23;-507;-1;0;1;-1;0x0000000000000002;7.7
06/09/2020;11:44:18.350;4.6;78;1.21;15;3.64;10.94;4.4;70.7;696;-1.7;104.90;-0.03;0.03;1063;3822;64;98.2;64.5;47.777303;-3.528456;-192;-332;270;-23;-507;-1;0;1;-1;0x0000000000000002;7.7
06/09/2020;11:44:19.350;4.6;78;0.94;15;3.64;10.94;4.4;68.6;697;-1.8;113.40;-0.03;-0.07;1148;3822;58;96.4;64.6;47.777241;-3.528235;-355;-334;-721;-23;-507;-1;0;1;-1;0x0000000000000002;7.7
06/09/2020;11:44:20.350;4.6;70;1.05;15;3.65;10.95;4.4;66.8;698;-1.5;113.70;-0.01;0.01;1159;3822;58;94.4;64.5;47.777183;-3.528020;-487;-332;-878;-23;-507;-1;0;1;-1;0x0000000000000002;7.7
06/09/2020;11:44:21.350;4.6;72;1.16;15;3.64;10.94;4.4;65.2;699;-0.8;107.60;0.04;0.00;1099;3822;65;93.1;61.4;47.777120;-3.527850;-505;-336;-876;-23;-510;-1;0;1;-1;0x0000000000000002;7.7
06/09/2020;11:44:22.350;4.6;76;1.22;15;3.64;10.94;4.4;64.3;700;-1.3;102.30;0.05;-0.01;1033;3822;71;93.3;55.3;47.777078;-3.527643;-516;-340;-1002;-23;-510;-1;0;1;-1;0x0000000000000002;7.7
06/09/2020;11:44:23.350;4.6;74;1.14;15;3.64;10.93;4.4;62.3;702;-1.8;88.20;0.13;0.01;920;3821;77;92.9;51.5;47.777061;-3.527406;-87;-329;-296;-23;-507;-1;0;1;-1;0x0000000000000002;7.7
06/09/2020;11:44:24.350;4.6;68;0.98;15;3.64;10.94;4.4;60.7;703;-2.4;78.70;0.09;0.02;786;3822;81;92.4;49.5;47.777083;-3.527296;31;-342;-333;-23;-510;-1;0;1;-1;0x0000000000000002;7.7
06/09/2020;11:44:25.350;4.6;76;1.34;15;3.64;10.94;4.4;59.7;704;-2.4;75.00;0.11;0.00;751;3823;88;91.6;50.0;47.777101;-3.527081;-137;-340;-677;-23;-507;-1;0;1;-1;0x0000000000000002;7.7
06/09/2020;11:44:26.350;4.6;72;1.05;15;3.64;10.94;4.4;58.6;705;-1.2;63.70;0.05;0.01;636;3823;92;90.2;50.0;47.777161;-3.526873;-283;-340;-709;-23;-510;-1;0;1;-1;0x0000000000000002;7.7
06/09/2020;11:44:27.350;4.6;72;1.07;15;3.64;10.94;4.4;58.2;707;-1.2;52.40;0.05;-0.04;486;3823;98;89.7;47.4;47.777215;-3.526755;-176;-339;-296;-23;-507;-1;0;1;-1;0x0000000000000002;7.7
06/09/2020;11:44:28.350;4.6;64;1.07;15;3.64;10.94;4.4;57.8;708;-1.2;39.10;0.07;0.03;381;3822;101;88.0;46.4;47.777300;-3.526638;-313;-316;-76;-23;-507;-1;0;1;-1;0x0000000000000002;7.7
06/09/2020;11:44:29.350;4.6;64;1.05;15;3.64;10.94;4.6;57.6;709;0.5;27.00;0.05;0.00;255;3823;102;87.4;47.0;47.777420;-3.526533;-587;-250;454;-23;-507;-1;0;1;-1;0x0000000000000002;7.7
06/09/2020;11:44:30.350;4.6;56;0.88;15;3.63;10.91;5.0;58.3;710;1.4;23.80;0.06;0.00;208;3823;104;87.7;44.3;47.777483;-3.526495;-414;-273;653;-23;-507;-1;0;1;-1;0x0000000000000002;7.7
06/09/2020;11:44:31.350;4.6;64;1.01;15;3.63;10.91;4.9;59.0;712;0.3;20.00;0.18;0.02;184;3823;105;87.7;43.8;47.777610;-3.526431;-557;-264;841;-23;-510;-1;0;1;-1;0x0000000000000002;7.7
06/09/2020;11:44:32.350;4.6;64;0.69;15;3.63;10.91;5.0;60.0;714;1.3;24.90;0.07;-0.06;213;3823;109;88.6;43.0;47.777671;-3.526400;-533;-265;562;-23;-507;-1;0;1;-1;0x0000000000000002;7.7
06/09/2020;11:44:33.350;4.6;72;0.79;15;3.63;10.90;5.0;59.0;715;-1.2;23.50;0.10;0.00;267;3823;116;89.1;42.1;47.777788;-3.526320;-231;-265;-353;-23;-510;-1;0;1;-1;0x0000000000000002;7.7
06/09/2020;11:44:34.350;4.6;74;0.93;15;3.63;10.90;5.0;57.3;716;-1.7;16.00;0.08;-0.01;220;3823;121;87.9;43.0;47.777925;-3.526231;-760;-265;-894;-23;-507;-1;0;1;-1;0x0000000000000002;7.7
06/09/2020;11:44:35.350;4.6;74;1.29;15;3.63;10.90;5.0;57.1;718;0.6;351.90;0.15;-0.01;3533;3822;126;86.8;41.8;47.778028;-3.526216;-867;-265;-844;-23;-507;-1;0;1;-1;0x0000000000000002;7.7
06/09/2020;11:44:36.350;4.6;62;1.16;15;3.63;10.89;5.1;57.6;719;0.0;329.90;0.14;-0.01;3242;3823;127;86.7;39.2;47.778100;-3.526265;-748;-399;-818;-23;-507;-1;0;1;-1;0x0000000000000002;7.7
06/09/2020;11:44:37.350;4.6;56;1.04;15;3.64;10.93;4.2;57.5;720;-0.1;315.00;0.09;0.04;3148;3822;123;85.2;41.1;47.778146;-3.526323;-120;-385;692;-23;-510;-1;0;1;-1;0x0000000000000002;7.7
06/09/2020;11:44:38.350;4.6;62;1.14;15;3.64;10.92;4.4;55.5;721;-2.5;301.50;0.08;0.02;2931;3823;118;83.5;42.6;47.778206;-3.526485;-16;-285;1005;-23;-507;-1;0;1;-1;0x0000000000000002;7.7
06/09/2020;11:44:39.350;4.6;66;1.10;15;3.63;10.91;4.7;51.2;723;-3.2;306.60;0.01;0.02;3027;3823;109;78.6;49.4;47.778281;-3.526705;-156;-285;1024;-23;-507;-1;0;1;-1;0x0000000000000002;7.7
06/09/2020;11:44:40.350;4.6;56;1.18;15;3.63;10.90;4.7;48.8;724;-3.2;313.10;0.01;0.00;3123;3823;105;73.4;52.1;47.778330;-3.526793;-510;-245;1024;-23;-507;-1;0;1;-1;0x0000000000000002;7.7
06/09/2020;11:44:41.350;4.6;60;1.32;15;3.63;10.89;5.0;45.0;725;-0.8;335.60;0.08;0.00;3380;3824;106;72.0;52.4;47.778456;-3.526930;-537;-245;1024;-23;-507;-1;0;1;-1;0x0000000000000002;7.7
06/09/2020;11:44:42.350;4.6;74;1.09;15;3.62;10.88;5.0;43.5;727;-1.8;349.90;0.06;-0.03;3535;3824;116;72.1;47.8;47.778600;-3.526981;-740;-243;1024;-23;-510;-1;0;1;-1;0x0000000000000002;7.7
06/09/2020;11:44:43.350;4.6;72;1.12;15;3.62;10.88;5.1;42.4;728;-1.0;16.30;0.17;0.00;157;3824;126;72.2;45.3;47.778690;-3.526975;-573;-243;823;-23;-507;-1;0;1;-1;0x0000000000000002;7.7
06/09/2020;11:44:44.350;4.6;72;1.35;15;3.62;10.87;5.3;42.2;730;0.6;29.20;0.28;0.01;319;3824;142;73.7;42.6;47.778790;-3.526908;-1024;-243;-695;-23;-507;-1;0;1;-1;0x0000000000000002;7.7
06/09/2020;11:44:45.350;4.6;72;0.93;15;3.62;10.87;5.2;45.3;731;2.0;23.10;0.27;0.03;330;3824;152;77.0;32.1;47.778853;-3.526841;-1024;-245;-789;-23;-507;-1;0;1;-1;0x0000000000000002;7.7
06/09/2020;11:44:46.350;4.6;72;0.78;15;3.62;10.87;5.2;46.8;733;-0.1;355.50;0.30;0.00;134;3823;159;79.1;26.2;47.778948;-3.526791;-1024;-246;-981;-23;-507;-1;0;1;-1;0x0000000000000002;7.7
06/09/2020;11:44:47.350;4.6;70;1.07;15;3.62;10.86;5.1;47.1;734;-0.9;326.80;0.29;-0.01;3356;3822;164;79.6;25.3;47.779008;-3.526820;-1024;-245;-1002;-23;-510;-1;0;1;-1;0x0000000000000002;7.7
06/09/2020;11:44:48.350;4.6;60;0.85;15;3.62;10.86;5.1;47.0;736;-0.1;285.50;0.28;0.01;2740;3822;165;78.4;28.4;47.779033;-3.526885;-1024;-250;-706;-23;-507;-1;0;1;-1;0x0000000000000002;7.7
06/09/2020;11:44:49.350;4.6;62;0.74;15;3.62;10.86;5.0;47.6;736;1.8;261.10;0.16;0.01;2460;3824;159;76.5;38.1;47.779030;-3.526956;12;-267;-144;-23;-507;-1;0;1;-1;0x0000000000000002;7.7
06/09/2020;11:44:50.350;4.6;60;1.25;15;3.62;10.87;4.9;48.3;738;-0.3;236.40;0.12;-0.01;2302;3824;153;75.6;41.6;47.778950;-3.527123;-585;-377;-714;-23;-507;-1;0;1;-1;0x0000000000000002;7.7
06/09/2020;11:44:51.350;4.6;64;0.80;15;3.64;10.91;4.1;47.7;740;1.2;222.60;0.05;0.02;2281;3824;139;72.5;51.4;47.778851;-3.527201;-106;-383;0;-23;-507;-1;0;1;-1;0x0000000000000002;7.7
06/09/2020;11:44:52.350;4.6;64;1.36;15;3.64;10.92;4.0;46.3;740;-1.9;228.80;0.06;-0.02;2212;3824;122;69.3;53.3;47.778791;-3.527361;-746;-379;-709;-23;-507;-1;0;1;-1;0x0000000000000002;7.7
06/09/2020;11:44:53.350;4.6;74;1.31;15;3.64;10.92;4.0;43.6;742;-0.4;213.80;0.00;0.01;2127;3824;113;67.9;57.9;47.778660;-3.527518;-426;-385;-128;-23;-507;-1;0;1;-1;0x0000000000000002;7.7
06/09/2020;11:44:54.350;4.6;76;1.11;15;3.64;10.92;3.8;41.3;743;-2.5;211.60;-0.04;-0.06;2095;3824;91;65.3;58.9;47.778533;-3.527630;-701;-474;476;-23;-507;-1;0;1;-1;0x0000000000000002;7.7
06/09/2020;11:44:55.350;4.6;74;0.80;15;3.65;10.96;3.2;37.3;744;-1.9;210.60;-0.02;0.00;2105;3824;78;63.3;57.2;47.778430;-3.527738;-602;-487;637;-23;-507;-1;0;1;-1;0x0000000000000002;7.7
06/09/2020;11:44:56.350;4.6;72;1.12;15;3.66;10.98;2.9;35.0;745;-1.7;217.30;0.01;0.03;2139;3824;65;61.9;55.4;47.778263;-3.527875;-626;-541;639;-23;-507;-1;0;1;-1;0x0000000000000002;7.7
06/09/2020;11:44:57.350;4.6;68;0.99;15;3.66;10.99;2.9;33.3;746;-1.5;221.00;-0.05;0.00;2226;3824;55;61.1;52.4;47.778161;-3.528001;-652;-543;731;-23;-507;-1;0;1;-1;0x0000000000000002;7.7
06/09/2020;11:44:58.350;4.6;66;1.29;15;3.66;10.99;2.8;31.6;746;-1.7;229.10;0.12;-0.04;2257;3824;48;60.6;48.6;47.778078;-3.528136;-862;-549;14;-23;-510;-1;0;1;-1;0x0000000000000002;7.7
06/09/2020;11:44:59.350;4.6;82;0.92;15;3.66;10.99;2.8;31.4;747;0.0;231.90;0.07;-0.01;2380;3824;48;61.4;46.2;47.778040;-3.528221;-630;-557;-171;-23;-507;-1;0;1;-1;0x0000000000000002;7.7
06/09/2020;11:45:00.350;4.6;86;1.01;15;3.66;10.99;2.8;31.5;748;-0.4;237.80;0.12;0.02;2357;3824;51;62.4;40.6;47.777973;-3.528380;-844;-555;-967;-23;-507;-1;0;1;-1;0x0000000000000002;7.7
06/09/2020;11:45:01.350;4.6;84;1.02;15;3.66;10.99;2.8;31.4;749;-1.1;216.10;0.16;0.04;2243;3824;55;62.4;38.5;47.777911;-3.528491;-870;-558;-939;-20;-510;-1;0;1;-1;0x0000000000000002;7.7
06/09/2020;11:45:02.350;4.6;78;0.85;15;3.66;10.99;2.8;30.0;750;-2.0;193.70;0.14;0.01;1957;3824;56;60.8;41.4;47.777803;-3.528560;-201;-659;-74;-23;-507;-1;0;1;-1;0x0000000000000002;7.7
06/09/2020;11:45:03.350;4.6;78;1.13;15;3.67;11.02;2.2;28.9;750;-1.2;181.50;0.13;0.02;1820;3821;55;58.8;44.7;47.777693;-3.528573;-978;-657;-751;-23;-507;-1;0;1;-1;0x0000000000000002;7.7
06/09/2020;11:45:04.350;4.6;72;0.61;15;3.67;11.02;2.1;28.8;751;0.1;167.40;0.09;-0.03;1693;3823;56;57.3;45.2;47.777601;-3.528563;-810;-665;-855;-23;-507;-1;0;1;-1;0x0000000000000002;7.7
06/09/2020;11:45:05.350;4.6;68;0.87;15;3.67;11.03;2.1;28.4;751;-0.8;147.30;0.15;-0.04;1509;3823;56;56.6;43.5;47.777496;-3.528516;-1024;-664;-844;-23;-507;-1;0;1;-1;0x0000000000000002;7.7
06/09/2020;11:45:06.350;4.6;72;1.30;15;3.67;11.03;2.1;27.7;752;-0.3;123.30;0.22;0.03;1371;3824;54;54.7;40.6;47.777411;-3.528386;-914;-665;-515;-23;-507;-1;0;1;-1;0x0000000000000002;7.7
06/09/2020;11:45:07.350;4.6;82;1.13;15;3.67;11.03;2.1;27.2;752;-0.1;101.50;0.18;-0.01;947;3824;46;52.9;38.5;47.777398;-3.528301;-868;-745;-732;-23;-507;-1;0;1;-1;0x0000000000000002;7.7
06/09/2020;11:45:08.350;4.6;80;0.78;15;3.68;11.05;1.7;26.7;753;0.1;85.30;0.11;0.01;837;3824;39;52.4;32.6;47.777398;-3.528140;-834;-745;-795;-23;-507;-1;0;1;-1;0x0000000000000002;7.7
06/09/2020;11:45:09.350;4.6;82;0.80;15;3.68;11.06;1.6;24.9;754;-1.9;70.00;0.10;0.00;707;3823;34;51.7;28.2;47.777426;-3.528011;199;-753;-418;-23;-507;-1;0;1;-1;0x0000000000000002;7.7
06/09/2020;11:45:10.350;4.6;88;1.00;15;3.68;11.06;1.7;21.9;754;-3.8;53.00;0.11;-0.01;481;3824;28;49.6;27.0;47.777465;-3.527930;-21;-751;-205;-23;-510;-1;0;1;-1;0x0000000000000002;7.7
06/09/2020;11:45:11.350;4.6;92;1.05;15;3.68;11.06;1.6;18.3;755;-3.6;46.90;0.13;0.01;423;3824;19;46.7;31.1;47.777506;-3.527866;-504;-751;-546;-23;-510;-1;0;1;-1;0x0000000000000002;7.7
06/09/2020;11:45:12.350;4.6;86;1.18;15;3.69;11.07;1.6;15.8;755;-1.4;37.50;0.10;0.00;328;3824;13;42.9;35.4;47.777573;-3.527790;-256;-753;-8;-23;-510;-1;0;1;-1;0x0000000000000002;7.7
06/09/2020;11:45:13.350;4.6;86;1.04;15;3.69;11.07;1.6;13.8;756;-1.4;33.20;0.09;-0.02;283;3824;10;41.7;36.2;47.777683;-3.527738;-751;-807;383;-23;-507;-1;0;1;-1;0x0000000000000002;7.7
06/09/2020;11:45:14.350;4.6;94;0.81;15;3.69;11.09;1.0;12.7;756;-0.9;34.90;0.02;0.00;337;3824;13;41.3;35.8;47.777743;-3.527645;-1024;-809;-260;-23;-510;-1;0;1;-1;0x0000000000000002;7.7
06/09/2020;11:45:15.350;4.6;96;0.33;15;3.69;11.10;1.0;12.2;756;-0.9;34.30;0.02;-0.01;386;3824;20;41.0;32.8;47.777798;-3.527568;-783;-895;-332;-23;-507;-1;0;1;-1;0x0000000000000002;7.7
06/09/2020;11:45:16.350;4.6;96;0.83;15;3.70;11.10;0.9;10.5;756;-3.0;37.70;0.07;0.01;387;3824;31;39.7;29.0;47.777856;-3.527513;-1024;-764;-361;-23;-507;-1;0;1;-1;0x0000000000000002;7.7
06/09/2020;11:45:17.350;4.6;96;1.14;15;3.67;11.01;3.3;8.1;757;-2.9;43.40;0.19;0.01;411;3824;39;37.2;30.9;47.777901;-3.527443;-1024;-374;-597;-23;-507;-1;0;1;-1;0x0000000000000002;7.7
06/09/2020;11:45:18.350;4.6;92;1.21;15;3.65;10.94;4.3;6.4;758;-0.3;44.40;0.28;0.03;429;3824;47;36.0;33.2;47.777983;-3.527348;-1024;-348;-738;-23;-507;-1;0;1;-1;0x0000000000000002;7.7
06/09/2020;11:45:19.350;4.6;96;0.95;15;3.65;10.97;3.4;7.0;759;0.1;34.60;0.19;0.04;440;3824;55;36.2;31.0;47.778040;-3.527266;-1024;-587;-798;-23;-507;-1;0;1;-1;0x0000000000000002;7.7
06/09/2020;11:45:20.350;4.6;98;0.81;15;3.67;11.01;2.1;6.8;760;-1.8;19.60;0.12;-0.01;231;3824;62;36.4;26.6;47.778086;-3.527221;-1019;-668;1020;-23;-507;-1;0;1;-1;0x0000000000000002;7.7
