Date;Time;BtRx(V);RSSI(dB);AccZ(g);Tmp1(@C);A4(V);VFAS(V);Curr(A);Alt(m);Fuel(%);VSpd(m/s);Hdg(@);AccX(g);AccY(g);450;Tmp2(@C);Dist(m);GAlt(m);GSpd(kmh);GPS(lat);GPS(lon);ASpd(kmh);Alt(m);Dir;Prf;Gaz;Ail;S1;S2;SA;SB;SC;SD;LSW;TxBat(V)
03/01/2021;15:29:21.400;4.7;100;0.99;1;4.11;12.34;0.8;0.0;50;0.0;164.80;-0.06;0.10;1609;3813;0;28.6;0.8;47.767833;-3.506306;6.6;0.0;-4;17;-1024;7;1024;-244;-1;-1;1;-1;0x0000000000000002;8.1
03/01/2021;15:29:22.370;4.7;100;0.99;15;4.11;12.33;0.9;0.0;50;0.0;165.80;-0.03;0.09;1609;3813;0;27.3;0.5;47.767835;-3.506305;6.1;0.0;-5;17;-1024;6;1024;-241;-1;-1;1;-1;0x0000000000000002;8.1
03/01/2021;15:29:23.400;4.7;100;0.94;15;4.11;12.34;0.8;0.0;50;0.0;166.60;-0.08;0.12;1609;3813;0;26.9;0.9;47.767836;-3.506303;0.5;0.0;-5;19;-1024;6;1024;-244;-1;-1;1;-1;0x0000000000000002;8.1
03/01/2021;15:29:24.400;4.7;100;0.99;15;4.11;12.33;0.8;0.0;50;0.0;162.60;-0.03;0.13;1609;3814;0;26.6;0.2;47.767835;-3.506301;5.0;0.0;-4;17;-1024;7;1024;-244;-1;-1;1;-1;0x0000000000000002;8.1
03/01/2021;15:29:25.450;4.7;100;0.99;15;4.11;12.34;0.8;0.0;51;0.0;163.70;-0.04;0.08;1609;3814;0;26.1;0.7;47.767833;-3.506300;3.5;0.0;-5;17;-1024;7;1024;-244;-1;0;1;-1;0x0000000000000002;8.1
03/01/2021;15:29:26.450;4.7;100;0.98;15;4.11;12.33;0.8;0.0;51;0.0;161.50;-0.01;0.12;1609;3814;0;25.4;0.5;47.767833;-3.506298;4.2;0.0;-45;19;-332;6;1024;-244;-1;0;1;-1;0x0000000000000002;8.1
03/01/2021;15:29:27.450;4.7;100;0.99;15;4.11;12.33;0.8;0.1;51;0.0;164.30;-0.07;0.11;1609;3814;0;24.7;0.0;47.767833;-3.506296;3.3;0.0;-4;17;29;6;1024;-244;-1;0;1;-1;0x0000000000000002;8.1
03/01/2021;15:29:28.450;4.7;100;0.96;15;4.11;12.33;0.8;0.1;51;0.0;165.60;-0.08;0.14;1609;3814;0;24.2;0.3;47.767833;-3.506296;5.5;0.0;-4;19;29;6;1024;-244;-1;0;1;-1;0x0000000000000002;8.0
03/01/2021;15:29:29.450;4.7;100;1.03;15;4.11;12.33;0.8;0.1;52;0.0;215.70;0.07;0.03;1609;3814;0;24.0;0.6;47.767835;-3.506293;2.7;0.0;-4;19;30;6;1024;-244;-1;0;1;-1;0x0000000000000002;8.0
03/01/2021;15:29:30.450;4.7;100;0.98;15;4.11;12.33;0.7;0.2;52;0.0;245.70;0.04;0.19;1609;3814;0;23.8;1.2;47.767836;-3.506295;3.3;0.0;-4;19;30;6;1024;-244;-1;0;1;-1;0x0000000000000002;8.0
03/01/2021;15:29:31.450;4.7;100;0.99;15;4.11;12.33;0.8;0.2;52;0.0;253.10;0.10;0.19;2252;3814;0;23.2;1.8;47.767833;-3.506303;3.5;0.0;-5;19;29;6;1024;-244;-1;0;1;-1;0x0000000000000002;8.0
03/01/2021;15:29:32.450;4.7;100;0.95;15;4.11;12.33;0.8;0.2;52;0.0;265.80;0.03;0.28;2252;3814;0;23.1;0.9;47.767835;-3.506305;2.9;0.0;-4;19;29;6;1024;-244;-1;0;1;-1;0x0000000000000002;8.0
03/01/2021;15:29:33.450;4.7;100;0.96;15;4.11;12.34;0.8;0.3;53;0.0;348.70;0.06;0.04;2773;3814;0;22.6;0.7;47.767836;-3.506308;2.9;0.0;-4;19;29;6;1024;-244;-1;0;1;-1;0x0000000000000002;8.0
03/01/2021;15:29:34.450;4.7;100;0.83;15;4.11;12.33;0.9;0.2;53;0.0;36.80;0.31;0.07;1710;3814;0;22.3;1.2;47.767821;-3.506311;5.7;0.0;-4;19;29;6;1024;-244;-1;0;1;-1;0x0000000000000002;8.0
03/01/2021;15:29:35.450;4.7;100;0.17;15;4.08;12.27;2.1;0.9;53;3.4;171.30;0.75;0.11;1832;3814;3;20.9;9.1;47.767786;-3.506298;5.7;0.0;-4;19;29;6;1024;-244;-1;0;1;-1;0x0000000000000002;8.0
03/01/2021;15:29:36.450;4.7;100;1.41;15;3.80;11.39;19.0;2.8;57;2.2;185.70;0.74;-0.01;1748;3814;14;23.4;44.3;47.767720;-3.506296;22.4;0.0;-4;17;29;7;1024;-244;-1;0;1;-1;0x0000000000000002;8.0
03/01/2021;15:29:37.450;4.7;98;0.96;15;3.79;11.37;18.7;10.7;64;6.7;190.70;0.61;-0.05;1873;3814;26;27.5;45.5;47.767570;-3.506313;22.7;0.0;-4;17;29;6;1024;-244;-1;0;1;-1;0x0000000000000002;8.0
03/01/2021;15:29:38.450;4.7;94;0.76;15;3.78;11.34;18.5;17.4;69;7.1;192.60;0.57;-0.04;1918;3814;37;34.3;46.6;47.767458;-3.506351;24.2;0.0;-4;17;29;6;1024;-244;-1;0;1;-1;0x0000000000000002;8.0
03/01/2021;15:29:39.450;4.7;90;0.82;15;3.77;11.32;18.3;23.7;74;7.4;192.50;0.54;-0.03;1934;3814;49;40.0;49.0;47.767366;-3.506386;25.1;0.0;-8;171;-235;-79;1024;-244;-1;0;1;-1;0x0000000000000002;8.0
03/01/2021;15:29:40.450;4.7;88;0.75;15;3.94;11.87;5.7;28.7;77;0.7;194.90;0.13;0.00;1945;3814;68;47.4;51.4;47.767245;-3.506435;25.5;0.0;8;-414;-85;-92;1024;-244;-1;0;1;-1;0x0000000000000002;8.0
03/01/2021;15:29:41.450;4.7;86;1.16;15;3.94;11.82;6.9;28.8;78;0.0;196.10;0.14;-0.03;1952;3814;81;46.9;56.3;47.767145;-3.506478;25.3;0.0;74;-165;-85;4;1024;-244;-1;0;1;-1;0x0000000000000002;8.0
03/01/2021;15:29:42.450;4.7;86;0.90;15;3.93;11.80;6.9;28.7;81;-0.5;196.30;0.09;-0.04;1969;3814;95;46.3;59.3;47.766950;-3.506566;29.6;0.0;-4;17;-87;6;1024;-244;-1;0;1;-1;0x0000000000000002;8.0
03/01/2021;15:29:43.470;4.7;80;1.54;1215;3.92;11.77;7.9;28.4;83;0.8;211.80;0.11;-0.06;2062;3814;110;45.3;63.9;47.766831;-3.506628;28.1;0.0;-4;17;-87;6;1024;-244;-1;1;1;-1;0x0000000000000002;8.0
03/01/2021;15:29:44.520;4.7;82;1.12;1215;3.93;11.79;7.3;29.1;85;0.7;221.50;0.09;0.00;2205;3814;133;44.8;65.4;47.766700;-3.506765;31.4;0.0;-4;17;-87;6;1024;-244;-1;1;1;-1;0x0000000000000002;8.0
03/01/2021;15:29:45.530;4.7;80;0.97;1215;3.93;11.79;7.4;29.2;87;0.5;238.40;0.08;-0.02;2385;3814;146;44.3;66.6;47.766583;-3.506913;32.7;0.0;-4;17;-87;6;1024;-244;-1;1;1;-1;0x0000000000000002;8.0
03/01/2021;15:29:46.560;4.7;82;1.67;1215;3.91;11.75;7.6;29.1;89;0.8;264.10;0.09;0.00;2616;3814;158;43.4;67.5;47.766535;-3.507238;33.8;0.0;-4;17;-87;6;1024;-244;-1;1;1;-1;0x0000000000000002;8.0
03/01/2021;15:29:47.590;4.7;82;0.83;1215;3.92;11.77;7.4;29.2;91;0.5;280.10;0.03;0.02;2816;3813;169;42.6;67.9;47.766540;-3.507490;35.1;0.0;-4;17;-87;6;1024;-244;-1;1;1;-1;0x0000000000000002;8.0
03/01/2021;15:29:48.630;4.7;72;1.12;1215;3.91;11.74;7.7;29.1;93;0.6;299.20;0.03;-0.01;2986;3813;172;41.4;69.2;47.766596;-3.507678;36.4;0.0;-4;17;-87;6;1024;-244;-1;1;1;-1;0x0000000000000002;8.0
03/01/2021;15:29:49.630;4.7;68;1.06;1215;3.92;11.76;7.8;29.0;96;1.6;318.10;0.02;-0.01;3181;3814;171;40.3;69.9;47.766766;-3.507873;37.2;0.0;-4;17;-87;6;1024;-244;-1;1;1;-1;0x0000000000000002;8.0
03/01/2021;15:29:50.630;4.7;64;1.37;1215;3.91;11.74;7.8;28.9;97;0.8;336.10;0.00;0.00;3378;3814;165;39.8;70.3;47.766860;-3.507996;39.8;0.0;-4;19;-87;6;1024;-244;-1;1;1;-1;0x0000000000000002;8.0
03/01/2021;15:29:51.630;4.7;62;1.16;1215;3.90;11.70;8.6;28.3;100;0.8;0.00;0.02;0.01;3490;3814;159;39.4;70.4;47.767066;-3.508045;38.5;0.0;-4;17;-87;6;1024;-244;-1;1;1;-1;0x0000000000000002;8.0
03/01/2021;15:29:52.640;4.7;58;1.02;1215;3.89;11.67;8.8;28.1;102;1.3;9.30;0.06;-0.03;136;3814;143;39.1;70.2;47.767171;-3.508023;39.6;0.0;1;17;-89;7;1024;-244;-1;1;1;-1;0x0000000000000002;8.0
03/01/2021;15:29:53.640;4.7;70;0.78;1215;3.88;11.65;9.2;28.0;105;0.7;25.40;0.06;-0.04;262;3814;134;39.6;71.2;47.767371;-3.507891;40.5;0.0;-5;17;-89;6;1024;-244;-1;0;1;-1;0x0000000000000002;8.0
03/01/2021;15:29:54.680;4.7;70;1.96;15;3.91;11.74;6.7;25.8;107;-0.8;30.40;-0.04;-0.04;321;3814;116;39.4;72.1;47.767558;-3.507760;37.4;0.0;10;-832;-85;762;1024;-241;-1;0;1;-1;0x0000000000000002;8.0
03/01/2021;15:29:55.710;4.7;74;0.84;15;3.91;11.76;6.7;26.3;109;3.2;42.20;0.02;0.01;441;3814;96;41.0;63.2;47.767695;-3.507600;36.1;0.0;-1;-867;-92;913;1024;-244;-1;0;1;-1;0x0000000000000002;8.0
03/01/2021;15:29:56.720;4.7;70;1.35;15;3.91;11.74;6.7;28.7;111;2.1;54.60;0.07;-0.02;569;3814;82;44.0;60.5;47.767808;-3.507373;31.6;0.0;-2;-886;-97;984;1024;-244;-1;0;1;-1;0x0000000000000002;8.0
03/01/2021;15:29:57.720;4.7;78;1.03;15;3.91;11.75;6.7;29.7;113;-0.7;73.50;0.07;-0.06;764;3814;68;47.4;58.1;47.767855;-3.507168;29.2;0.0;-2;-1016;-105;755;1024;-244;-1;0;1;-1;0x0000000000000002;8.0
03/01/2021;15:29:58.720;4.7;82;0.09;15;3.91;11.74;6.7;30.6;115;-0.2;84.80;0.10;0.00;892;3814;54;48.7;53.4;47.767870;-3.507003;28.8;0.0;-1;17;-101;9;1024;-244;-1;0;1;-1;0x0000000000000002;8.0
03/01/2021;15:29:59.720;4.7;86;0.86;15;3.93;11.74;6.8;29.4;117;-3.4;87.50;0.06;-0.01;886;3814;34;49.0;56.5;47.767871;-3.506801;30.0;0.0;7;14;-254;325;1024;-244;-1;0;1;-1;0x0000000000000002;8.0
03/01/2021;15:30:00.720;4.7;90;0.89;15;3.94;11.83;4.8;26.5;119;-3.5;90.90;-0.02;-0.04;916;3814;19;46.5;60.6;47.767871;-3.506628;32.2;0.0;-2;15;-308;7;1024;-244;-1;0;1;-1;0x0000000000000002;8.0
03/01/2021;15:30:01.720;4.7;90;1.24;15;3.94;11.84;4.8;25.2;120;-1.6;95.70;-0.04;-0.02;946;3814;5;44.6;63.4;47.767858;-3.506306;31.4;0.0;104;-466;-310;947;1024;-244;-1;0;1;-1;0x0000000000000002;8.0
03/01/2021;15:30:02.720;4.7;92;1.29;15;3.94;11.83;4.8;25.0;121;-0.3;108.10;-0.02;0.00;1092;3816;11;43.2;64.8;47.767823;-3.506076;32.2;0.0;105;-575;-312;953;1024;-244;-1;0;1;-1;0x0000000000000002;8.0
03/01/2021;15:30:03.720;4.7;94;1.15;15;3.94;11.84;4.8;25.4;122;0.6;123.30;-0.01;0.00;1260;3817;34;43.0;64.4;47.767766;-3.505908;30.3;0.0;103;-680;-313;795;1024;-244;-1;0;1;-1;0x0000000000000002;8.0
03/01/2021;15:30:04.720;4.7;90;0.91;15;3.94;11.83;4.8;26.3;123;0.9;135.40;0.01;-0.02;1365;3817;49;43.7;62.2;47.767665;-3.505733;29.6;0.0;101;-597;-313;780;1024;-244;-1;0;1;-1;0x0000000000000002;8.0
03/01/2021;15:30:05.720;4.7;94;0.96;15;3.94;11.84;4.9;26.9;125;0.3;148.00;0.02;-0.01;1475;3817;62;43.8;60.5;47.767516;-3.505576;29.2;0.0;21;-621;-313;414;1024;-244;-1;0;1;-1;0x0000000000000002;8.0
03/01/2021;15:30:06.720;4.7;86;0.72;15;3.94;11.83;4.9;27.4;127;-0.3;156.10;0.02;-0.01;1562;3817;76;44.1;58.7;47.767385;-3.505480;29.2;0.0;15;-118;-313;7;1024;-244;-1;0;1;-1;0x0000000000000002;8.0
03/01/2021;15:30:07.720;4.7;88;1.08;15;3.94;11.83;4.8;26.8;128;0.1;159.90;0.03;-0.02;1605;3817;88;43.4;60.7;47.767273;-3.505413;28.3;0.0;-2;-430;-305;6;1024;-244;-1;0;1;-1;0x0000000000000002;8.0
03/01/2021;15:30:08.720;4.7;90;1.10;15;3.94;11.84;4.7;26.8;129;0.4;163.80;0.03;-0.03;1640;3817;108;43.0;60.2;47.767131;-3.505346;29.4;0.0;-2;-429;-307;7;1024;-244;-1;0;1;-1;0x0000000000000002;8.0
03/01/2021;15:30:09.720;4.7;88;0.92;15;3.94;11.84;4.7;26.8;131;0.2;167.90;0.03;-0.02;1685;3817;122;42.9;59.7;47.767015;-3.505305;29.2;0.0;1;15;-310;7;1024;-244;-1;0;1;-1;0x0000000000000002;8.0
03/01/2021;15:30:10.720;4.7;82;0.99;15;3.94;11.84;4.7;25.9;132;-1.1;172.70;0.03;-0.02;1713;3817;135;42.2;60.4;47.766808;-3.505256;28.3;0.0;-2;17;-313;7;1024;-244;-1;0;1;-1;0x0000000000000002;8.0
03/01/2021;15:30:11.720;4.7;76;0.90;15;3.95;11.85;4.3;24.5;133;-1.2;178.80;-0.03;-0.02;1767;3817;149;40.6;62.4;47.766653;-3.505238;29.2;0.0;2;-212;-399;-398;1024;-244;-1;0;1;-1;0x0000000000000002;8.0
03/01/2021;15:30:12.720;4.7;78;1.10;15;3.96;11.88;3.8;23.6;134;-0.4;177.40;-0.04;-0.03;1802;3817;169;39.2;63.6;47.766526;-3.505236;30.7;0.0;8;-417;-436;-542;1024;-244;-1;0;1;-1;0x0000000000000002;8.0
03/01/2021;15:30:13.720;4.7;78;1.09;15;3.96;11.89;3.8;23.2;135;0.4;179.60;-0.02;-0.04;1801;3817;183;39.1;60.9;47.766370;-3.505238;30.3;0.0;1;-487;-437;-615;1024;-244;-1;0;1;-1;0x0000000000000002;8.0
03/01/2021;15:30:14.720;4.7;80;0.71;15;3.96;11.88;3.8;23.4;137;0.6;180.80;0.01;-0.04;1786;3817;197;39.7;58.0;47.766193;-3.505235;28.5;0.0;5;-356;-437;-482;1024;-241;-1;0;1;-1;0x0000000000000002;8.0
03/01/2021;15:30:15.720;4.7;82;0.93;15;3.96;11.89;3.8;23.5;138;0.0;172.90;0.01;-0.04;1769;3817;210;40.6;55.5;47.766053;-3.505225;26.6;0.0;0;-499;-437;-589;1024;-244;-1;0;1;-1;0x0000000000000002;8.0
03/01/2021;15:30:16.720;4.7;80;0.92;15;3.95;11.88;3.8;23.8;138;1.1;174.30;0.06;-0.01;1740;3817;223;41.1;53.7;47.765945;-3.505211;24.2;0.0;10;-611;-436;453;1024;-244;-1;0;1;-1;0x0000000000000002;8.0
03/01/2021;15:30:17.720;4.7;80;0.81;15;3.96;11.88;3.9;24.7;139;1.2;178.50;0.08;-0.01;1749;3817;242;43.2;51.1;47.765816;-3.505193;20.5;0.0;2;-673;-437;547;1024;-244;-1;0;1;-1;0x0000000000000002;8.0
03/01/2021;15:30:18.720;4.7;80;0.91;15;3.96;11.88;3.9;26.5;140;1.2;182.60;0.14;0.00;1847;3817;253;44.7;46.1;47.765720;-3.505193;20.9;0.0;-1;-718;-439;580;1024;-244;-1;0;1;-1;0x0000000000000002;8.0
03/01/2021;15:30:19.720;4.7;78;1.00;15;3.96;11.88;3.9;27.6;142;1.2;198.90;0.15;-0.05;1939;3817;262;45.7;43.9;47.765565;-3.505241;21.4;0.0;12;-676;-437;617;1024;-244;-1;0;1;-1;0x0000000000000002;8.0
03/01/2021;15:30:20.720;4.7;78;0.97;15;3.95;11.87;3.8;28.8;143;0.9;215.60;0.16;0.01;2166;3817;271;46.4;43.3;47.765471;-3.505325;20.7;0.0;2;-679;-439;636;1024;-244;-1;0;1;-1;0x0000000000000002;8.0
03/01/2021;15:30:21.720;4.7;74;1.00;15;3.96;11.89;3.6;29.5;144;0.4;235.70;0.11;-0.03;2302;3817;279;46.4;43.5;47.765410;-3.505416;19.2;0.0;0;-460;-488;409;1024;-244;-1;0;1;-1;0x0000000000000002;8.0
03/01/2021;15:30:22.720;4.7;72;1.02;15;3.96;11.90;3.4;29.7;145;0.7;245.00;0.06;0.02;2457;3817;282;44.9;46.0;47.765355;-3.505561;21.1;0.0;10;-540;-485;498;1024;-244;-1;0;1;-1;0x0000000000000002;8.0
03/01/2021;15:30:23.720;4.7;66;0.93;15;3.97;11.91;3.4;29.8;146;0.5;258.20;0.06;0.00;2571;3815;283;43.5;47.1;47.765326;-3.505695;20.7;0.0;27;-563;-485;479;1024;-244;-1;0;1;-1;0x0000000000000002;8.0
03/01/2021;15:30:24.720;4.7;56;0.98;15;3.96;11.90;3.4;29.4;147;0.1;277.10;0.03;0.00;2755;3815;282;42.5;48.4;47.765321;-3.505906;20.9;0.0;48;-609;-485;442;1024;-244;-1;0;1;-1;0x0000000000000002;8.0
03/01/2021;15:30:25.720;4.7;56;0.86;15;3.96;11.90;3.4;28.8;147;0.1;283.90;0.01;-0.01;2868;3815;277;40.0;49.6;47.765335;-3.506013;23.7;0.0;64;-572;-485;171;1024;-244;-1;0;1;-1;0x0000000000000002;8.0
03/01/2021;15:30:26.720;4.7;60;0.86;15;3.97;11.91;3.4;27.1;149;0.0;300.40;0.00;0.03;2951;3815;273;38.7;50.5;47.765406;-3.506246;24.6;0.0;84;-826;-485;-873;1024;-244;-1;0;1;-1;0x0000000000000002;8.0
03/01/2021;15:30:27.720;4.7;56;0.94;15;3.96;11.90;3.4;26.5;149;0.5;293.10;0.03;0.00;2981;3816;264;37.0;49.7;47.765448;-3.506341;22.9;0.0;75;-892;-485;-850;1024;-244;-1;0;1;-1;0x0000000000000002;8.0
03/01/2021;15:30:28.720;4.7;58;0.87;15;3.97;11.90;3.4;25.2;150;0.6;292.60;0.09;-0.03;2966;3816;260;36.8;47.5;47.765516;-3.506533;23.5;0.0;58;-903;-485;-814;1024;-244;-1;0;1;-1;0x0000000000000002;8.0
03/01/2021;15:30:29.720;4.7;60;1.11;15;3.96;11.90;3.4;24.4;152;0.0;288.40;0.15;-0.03;2904;3817;255;38.1;39.4;47.765543;-3.506653;21.4;0.0;52;-885;-487;-967;1024;-241;-1;0;1;-1;0x0000000000000002;8.0
03/01/2021;15:30:30.720;4.7;62;1.03;15;3.96;11.90;3.4;23.8;152;-1.1;279.60;0.16;-0.04;2793;3818;254;39.5;36.2;47.765576;-3.506816;20.0;0.0;35;-874;-418;-941;1024;-244;-1;0;1;-1;0x0000000000000002;8.0
03/01/2021;15:30:31.720;4.7;62;0.92;15;3.95;11.87;3.9;22.2;154;-1.9;249.10;0.22;-0.05;2495;3818;255;39.6;34.5;47.765570;-3.506968;19.4;0.0;57;-861;-412;-941;1024;-244;-1;0;1;-1;0x0000000000000002;8.0
03/01/2021;15:30:32.720;4.7;70;0.98;15;3.95;11.85;4.4;20.8;155;-2.2;228.30;0.25;-0.01;2325;3818;262;39.1;35.6;47.765546;-3.507036;23.1;0.0;77;-465;-332;-129;1024;-244;-1;0;1;-1;0x0000000000000002;8.0
03/01/2021;15:30:33.720;4.7;72;1.34;15;3.93;11.79;5.3;20.0;156;-1.8;214.00;0.28;-0.05;2052;3818;273;37.5;41.6;47.765423;-3.507133;24.2;0.0;73;-701;-238;-921;1024;-244;-1;0;1;-1;0x0000000000000002;8.0
03/01/2021;15:30:34.720;4.7;68;1.03;15;3.93;11.79;5.4;21.2;158;1.1;182.40;0.21;-0.04;1968;3818;284;37.6;44.6;47.765318;-3.507203;24.2;0.0;94;-632;-234;-429;1024;-244;-1;0;1;-1;0x0000000000000002;8.0
03/01/2021;15:30:35.720;4.7;70;0.93;15;3.93;11.79;5.4;22.8;159;1.4;177.20;0.18;-0.02;1756;3818;296;38.3;45.8;47.765203;-3.507201;20.9;0.0;104;-653;-232;-560;1024;-244;-1;0;1;-1;0x0000000000000002;8.0
03/01/2021;15:30:36.720;4.7;62;1.05;15;3.93;11.79;5.4;24.2;161;1.4;171.50;0.20;-0.02;1712;3818;308;38.8;46.9;47.765088;-3.507168;20.5;0.0;118;-658;-171;-583;1024;-244;-1;0;1;-1;0x0000000000000002;8.0
03/01/2021;15:30:37.720;4.7;60;1.00;15;3.91;11.75;6.1;25.1;162;1.4;152.50;0.20;-0.04;1547;3818;322;39.2;48.3;47.765021;-3.507130;21.6;0.0;103;-761;-170;-690;1024;-244;-1;0;1;-1;0x0000000000000002;8.0
03/01/2021;15:30:38.720;4.7;56;1.14;15;3.91;11.73;6.2;26.8;164;2.2;134.10;0.21;-0.02;1461;3818;328;39.4;50.0;47.764896;-3.507011;22.2;0.0;107;-771;-170;-683;1024;-244;-1;0;1;-1;0x0000000000000002;8.0
03/01/2021;15:30:39.720;4.7;54;1.08;15;3.91;11.73;6.2;27.8;165;2.4;130.40;0.19;-0.03;1286;3818;339;40.4;50.0;47.764843;-3.506901;21.4;0.0;77;-858;-117;-640;1024;-244;-1;0;1;-1;0x0000000000000002;8.0
03/01/2021;15:30:40.720;4.7;54;1.02;15;3.90;11.71;6.6;30.2;167;2.8;121.30;0.20;-0.04;1210;3818;342;41.5;49.8;47.764755;-3.506710;22.9;0.0;98;-793;-114;-126;1024;-244;-1;0;1;-1;0x0000000000000002;8.0
03/01/2021;15:30:41.720;4.7;52;0.88;15;3.90;11.70;6.6;31.3;169;2.6;113.70;0.16;0.00;1137;3818;345;42.5;49.3;47.764728;-3.506710;22.5;0.0;111;-344;-117;-272;1024;-244;-1;0;1;-1;0x0000000000000002;8.0
03/01/2021;15:30:42.720;4.7;54;0.61;15;3.90;11.68;7.0;31.0;171;2.4;110.30;0.12;-0.01;1088;3818;348;43.5;50.8;47.764728;-3.506571;24.8;0.0;105;-746;-62;-418;1024;-244;-1;0;1;-1;0x0000000000000002;8.0
03/01/2021;15:30:43.720;4.7;54;0.85;15;3.88;11.66;7.1;31.8;173;2.1;102.80;0.13;-0.03;1016;3818;353;43.2;54.2;47.764651;-3.506198;25.5;0.0;108;-817;-63;-181;1024;-241;-1;0;1;-1;0x0000000000000002;8.0
03/01/2021;15:30:44.720;4.7;56;1.08;15;3.88;11.65;7.1;33.4;175;2.5;97.60;0.18;-0.02;971;3818;356;45.1;52.9;47.764631;-3.505965;24.8;0.0;104;-911;-65;6;1024;-244;-1;0;1;-1;0x0000000000000002;8.0
03/01/2021;15:30:45.720;4.7;62;0.93;15;3.88;11.64;7.1;34.7;177;2.8;96.10;0.21;-0.02;945;3818;359;48.2;47.5;47.764625;-3.505851;21.6;0.0;101;-840;-66;3;1024;-244;-1;0;1;-1;0x0000000000000002;8.0
03/01/2021;15:30:46.720;4.7;58;0.79;15;3.88;11.64;7.1;37.1;179;1.5;91.70;0.23;-0.02;928;3818;361;49.9;45.9;47.764616;-3.505608;20.1;0.0;32;-795;-68;-194;1024;-244;-1;0;1;-1;0x0000000000000002;8.0
03/01/2021;15:30:47.720;4.7;56;0.98;15;3.88;11.64;7.1;38.6;182;1.6;91.00;0.24;0.00;917;3818;364;52.7;45.2;47.764611;-3.505406;20.9;0.0;2;-775;-68;-343;1024;-244;-1;0;1;-1;0x0000000000000002;8.0
03/01/2021;15:30:48.720;4.7;54;0.93;15;3.88;11.65;7.1;39.6;183;1.3;89.00;0.25;-0.04;891;3818;365;53.9;44.2;47.764613;-3.505308;21.1;0.0;1;-823;-63;-518;1024;-241;-1;0;1;-1;0x0000000000000002;8.0
03/01/2021;15:30:49.720;4.7;52;0.93;15;3.87;11.62;7.1;40.5;184;1.8;83.10;0.32;-0.04;846;3818;366;55.1;43.7;47.764616;-3.505211;20.3;0.0;0;-840;-65;-716;1024;-244;-1;0;1;-1;0x0000000000000002;8.0
03/01/2021;15:30:50.730;4.7;50;1.30;15;3.87;11.62;7.1;40.5;184;1.8;83.10;0.32;-0.06;846;3817;368;56.8;42.4;47.764616;-3.505211;23.3;0.0;2;-841;-65;-704;1024;-244;-1;0;1;-1;0x0000000000000002;8.0
03/01/2021;15:30:51.750;4.7;50;1.30;15;3.87;11.62;7.1;40.5;184;1.8;83.10;0.32;-0.06;846;3817;368;56.8;42.4;47.764616;-3.505211;23.3;0.0;2;-837;-65;-724;1024;-244;-1;0;1;-1;0x0000000000000002;8.0
03/01/2021;15:30:52.750;4.7;50;1.30;15;3.87;11.62;7.1;40.5;184;1.8;83.10;0.32;-0.06;846;3817;368;56.8;42.4;47.764616;-3.505211;23.3;0.0;0;-814;-66;-714;1024;-241;-1;0;1;-1;0x0000000000000002;8.0
03/01/2021;15:30:53.760;4.7;36;1.30;15;3.87;11.62;7.1;45.5;187;2.6;83.10;0.32;-0.06;846;3817;368;56.8;42.4;47.764660;-3.504948;23.3;0.0;1;-783;-66;-678;1024;-244;-1;0;1;-1;0x0000000000000012;8.0
03/01/2021;15:30:54.790;4.7;54;1.25;15;3.87;11.60;7.1;55.9;195;2.6;20.60;0.25;-0.02;135;3816;347;67.2;41.2;47.764958;-3.504948;22.4;0.0;2;-585;-68;-448;1024;-244;-1;0;1;-1;0x0000000000000002;8.0
03/01/2021;15:30:55.830;4.7;60;0.71;15;3.86;11.60;7.0;57.8;197;1.1;341.80;0.14;-0.01;3394;3816;337;68.2;44.0;47.765041;-3.504743;20.0;0.0;14;17;-57;6;1024;-244;-1;0;1;-1;0x0000000000000002;8.0
03/01/2021;15:30:56.860;4.7;60;1.11;15;3.85;11.57;7.7;56.9;199;-0.5;337.90;0.14;0.00;3367;3815;317;66.1;53.8;47.765201;-3.504850;26.8;0.0;10;-48;53;4;1024;-241;-1;0;1;-1;0x0000000000000002;8.0
03/01/2021;15:30:57.860;4.7;58;1.03;15;3.85;11.55;7.9;56.1;201;-0.2;334.90;0.05;-0.05;3310;3816;297;62.8;59.0;47.765281;-3.504911;33.7;0.0;10;-137;54;7;1024;-244;-1;0;1;-1;0x0000000000000002;8.0
03/01/2021;15:30:58.860;4.7;56;1.09;15;3.84;11.54;8.2;54.5;204;-0.8;325.40;0.02;0.00;3274;3816;285;61.4;69.0;47.765451;-3.505061;37.0;0.0;24;-256;111;9;1024;-244;-1;0;1;-1;0x0000000000000002;8.0
03/01/2021;15:30:59.860;4.7;56;0.86;15;3.84;11.51;8.3;52.3;207;-0.5;325.60;0.00;0.01;3259;3815;260;58.3;74.8;47.765663;-3.505180;38.1;0.0;34;-546;110;62;1024;-244;-1;0;1;-1;0x0000000000000002;8.0
03/01/2021;15:31:00.860;4.7;58;0.87;15;3.84;11.52;8.3;51.4;208;0.2;323.60;0.00;-0.01;3237;3816;235;56.2;77.0;47.765756;-3.505375;41.4;0.0;40;-653;111;76;1024;-244;-1;0;1;-1;0x0000000000000002;8.0
03/01/2021;15:31:01.860;4.7;58;1.37;15;3.83;11.50;8.2;51.3;211;2.7;321.20;0.01;-0.03;3212;3816;223;56.3;76.7;47.765941;-3.505585;41.2;0.0;48;-727;114;103;1024;-244;-1;0;1;-1;0x0000000000000002;8.0
03/01/2021;15:31:02.860;4.7;66;1.01;15;3.83;11.49;8.3;52.0;212;1.8;322.10;0.03;-0.05;3207;3816;199;59.0;72.1;47.766028;-3.505690;36.6;0.0;64;-643;172;64;1024;-244;-1;0;1;-1;0x0000000000000002;8.0
03/01/2021;15:31:03.860;4.7;66;0.82;15;3.81;11.45;9.5;52.7;215;0.8;317.70;0.08;-0.01;3193;3816;188;60.2;71.3;47.766193;-3.505930;37.2;0.0;24;-554;276;35;1024;-244;-1;0;1;-1;0x0000000000000002;8.0
03/01/2021;15:31:04.860;4.7;68;0.90;15;3.80;11.42;9.7;52.8;219;0.0;319.00;0.07;-0.02;3187;3817;167;62.1;71.7;47.766381;-3.506141;37.7;0.0;-24;-376;272;45;1024;-244;-1;0;1;-1;0x0000000000000002;8.0
03/01/2021;15:31:05.860;4.7;72;1.02;15;3.80;11.41;9.7;52.8;221;-1.2;316.60;0.06;-0.02;3181;3817;147;62.6;71.8;47.766461;-3.506248;35.9;0.0;34;-518;274;286;477;-249;-1;0;1;-1;0x0000000000000002;8.0
03/01/2021;15:31:06.860;4.7;72;1.01;15;3.80;11.42;9.6;53.3;223;0.9;319.00;0.05;-0.04;3179;3817;134;63.4;72.0;47.766596;-3.506431;35.9;0.0;-1;-287;266;25;477;-249;-1;0;1;-1;0x0000000000000002;8.0
03/01/2021;15:31:07.860;4.7;72;0.74;15;3.80;11.40;9.6;53.1;227;-1.9;319.60;0.06;0.00;3190;3817;122;63.9;73.5;47.766788;-3.506680;36.4;0.0;40;6;271;136;474;-249;-1;0;1;-1;0x0000000000000002;8.0
03/01/2021;15:31:08.860;4.7;68;1.17;15;3.80;11.39;9.5;52.5;229;-0.5;320.40;0.06;-0.05;3195;3817;111;62.7;75.6;47.766900;-3.506863;39.8;0.0;14;-451;268;539;474;-249;-1;0;1;-1;0x0000000000000002;8.0
03/01/2021;15:31:09.860;4.7;62;1.15;15;3.80;11.40;9.6;53.5;231;0.4;321.20;0.05;-0.07;3211;3817;101;63.0;75.1;47.766986;-3.506935;39.8;0.0;97;-474;266;590;477;-249;-1;0;1;-1;0x0000000000000002;8.0
03/01/2021;15:31:10.860;4.7;76;1.36;15;3.80;11.41;9.2;54.4;234;1.3;329.00;0.05;-0.13;3265;3817;97;63.6;74.3;47.767166;-3.507166;38.3;0.0;73;-531;241;714;474;-249;-1;0;1;-1;0x0000000000000002;8.0
03/01/2021;15:31:11.860;4.7;78;1.84;15;3.79;11.40;9.4;57.1;237;2.2;334.50;0.07;-0.05;3337;3817;90;66.1;71.6;47.767353;-3.507298;38.5;0.0;75;-555;241;817;474;-249;-1;0;1;-1;0x0000000000000002;8.0
03/01/2021;15:31:12.860;4.7;78;0.92;15;3.79;11.39;9.4;59.8;239;4.0;344.60;0.10;-0.02;3442;3818;88;70.5;66.7;47.767483;-3.507376;35.1;0.0;95;-716;243;830;474;-249;-1;0;1;-1;0x0000000000000002;8.0
03/01/2021;15:31:13.860;4.7;78;0.97;15;3.79;11.38;9.5;65.4;243;4.2;355.10;0.11;-0.02;3559;3818;85;73.7;63.3;47.767710;-3.507420;35.1;0.0;94;-630;241;742;474;-249;-1;0;1;-1;0x0000000000000002;8.0
03/01/2021;15:31:14.860;4.7;76;0.88;15;3.79;11.37;9.5;68.4;245;3.0;12.00;0.14;-0.02;120;3818;82;77.0;62.1;47.767865;-3.507393;33.5;0.0;97;-640;241;755;474;-249;-1;0;1;-1;0x0000000000000002;8.0
03/01/2021;15:31:15.860;4.7;72;0.91;15;3.79;11.37;9.5;70.6;248;1.9;25.40;0.14;-0.03;258;3818;79;78.7;61.5;47.767980;-3.507331;32.4;0.0;45;-606;241;716;477;-249;-1;0;1;-1;0x0000000000000002;8.0
03/01/2021;15:31:16.860;4.7;74;1.17;15;3.78;11.37;9.5;72.2;250;2.8;39.10;0.14;-0.04;384;3818;74;79.9;62.0;47.768111;-3.507210;31.8;0.0;41;-692;240;773;477;-249;-1;0;1;-1;0x0000000000000002;8.0
03/01/2021;15:31:17.860;4.7;72;0.99;15;3.78;11.36;9.4;75.9;253;3.5;53.90;0.12;-0.02;580;3818;69;81.3;64.2;47.768195;-3.507068;32.9;0.0;44;-606;237;716;477;-249;-1;0;1;-1;0x0000000000000002;8.0
03/01/2021;15:31:18.860;4.7;68;1.00;15;3.78;11.35;9.3;77.1;256;2.4;67.80;0.08;-0.01;698;3921;63;81.6;65.7;47.768283;-3.506855;33.5;0.0;37;-689;237;644;477;-249;-1;0;1;-1;0x0000000000000002;8.0
03/01/2021;15:31:19.860;4.7;72;1.22;15;3.78;11.35;9.3;77.7;258;3.7;83.60;0.07;-0.02;860;3921;56;81.5;67.8;47.768296;-3.506611;35.7;0.0;52;-820;237;558;477;-249;-1;0;1;-1;0x0000000000000002;8.0
03/01/2021;15:31:20.860;4.7;74;0.96;15;3.78;11.35;9.3;80.7;261;3.6;101.40;0.07;0.01;1032;3921;52;82.6;68.5;47.768276;-3.506308;36.2;0.0;45;-763;237;528;477;-249;-1;0;1;-1;0x0000000000000002;8.0
03/01/2021;15:31:21.860;4.7;80;0.91;15;3.78;11.35;9.3;81.6;264;1.9;113.20;0.06;-0.02;1134;3921;48;83.7;68.8;47.768225;-3.506018;37.4;0.0;32;-454;237;322;477;-249;-1;0;1;-1;0x0000000000000002;8.0
03/01/2021;15:31:22.860;4.7;78;1.04;15;3.78;11.34;9.2;79.7;266;-2.8;118.90;0.02;-0.02;1173;3920;49;83.1;69.9;47.768148;-3.505830;37.2;0.0;30;-143;234;9;477;-249;-1;0;1;-1;0x0000000000000002;8.0
03/01/2021;15:31:23.860;4.7;76;1.22;15;3.79;11.35;8.6;75.6;268;-3.2;122.40;-0.08;-0.03;1228;3920;60;77.1;78.5;47.768075;-3.505591;42.4;0.0;-1;-242;44;78;477;-249;-1;0;1;-1;0x0000000000000002;8.0
03/01/2021;15:31:24.860;4.7;82;0.93;15;3.80;11.41;7.3;69.9;271;-2.5;125.20;-0.10;0.01;1275;3920;72;73.7;82.8;47.767960;-3.505398;43.7;0.0;1;-656;19;481;477;-249;-1;0;1;-1;0x0000000000000002;8.0
03/01/2021;15:31:25.860;4.7;84;1.50;15;3.79;11.37;8.5;68.9;273;0.9;137.50;-0.04;-0.03;1411;3920;86;71.9;83.0;47.767763;-3.505090;44.4;0.0;45;-346;330;115;480;-249;-1;0;1;-1;0x0000000000000002;8.0
03/01/2021;15:31:26.860;4.7;84;1.42;15;3.76;11.28;10.3;66.6;276;0.1;144.10;0.02;-0.06;1446;3920;101;71.6;81.4;47.767636;-3.504940;45.1;0.0;54;-772;430;243;477;-249;-1;0;1;-1;0x0000000000000002;8.0
03/01/2021;15:31:27.860;4.7;80;1.34;15;3.75;11.25;11.1;66.2;278;0.1;146.60;0.04;0.00;1496;3921;123;72.1;80.5;47.767468;-3.504778;45.0;0.0;41;-798;540;206;477;-249;-1;0;1;-1;0x0000000000000002;8.0
03/01/2021;15:31:28.860;4.7;82;0.87;15;3.74;11.24;11.5;66.3;281;0.8;153.40;0.05;0.02;1545;3921;139;73.9;78.8;47.767326;-3.504666;46.4;0.0;24;-835;536;176;477;-249;-1;0;1;-1;0x0000000000000002;8.0
03/01/2021;15:31:29.860;4.7;82;0.93;15;3.73;11.21;11.5;68.3;285;2.2;158.70;0.06;-0.03;1593;3921;154;76.4;76.5;47.767078;-3.504513;42.4;0.0;21;-795;531;126;477;-249;-1;0;1;-1;0x0000000000000002;8.0
03/01/2021;15:31:30.860;4.7;82;1.05;15;3.73;11.22;11.5;70.1;288;2.0;165.40;0.14;0.00;1650;3921;169;79.9;73.8;47.766936;-3.504433;39.0;0.0;1;-754;530;98;477;-249;-1;0;1;-1;0x0000000000000002;8.0
03/01/2021;15:31:31.860;4.7;82;0.98;15;3.73;11.21;11.5;71.9;291;0.0;169.50;0.10;-0.07;1678;3921;183;82.7;72.5;47.766758;-3.504385;37.5;0.0;1;-640;387;14;477;-249;-1;0;1;-1;0x0000000000000002;8.0
03/01/2021;15:31:32.860;4.7;80;1.58;15;3.86;11.36;6.2;73.0;294;1.0;172.00;-0.20;-0.04;1721;3921;205;85.4;72.4;47.766613;-3.504338;38.1;0.0;-87;-531;-1024;7;480;-249;-1;0;1;-1;0x0000000000000002;8.0
03/01/2021;15:31:33.860;4.7;78;0.95;15;3.87;11.63;0.9;73.9;294;0.4;177.10;-0.19;-0.03;1770;3921;217;86.6;62.9;47.766375;-3.504320;34.0;0.0;-43;-608;-1024;-489;480;-249;-1;0;1;-1;0x0000000000000002;8.0
03/01/2021;15:31:34.860;4.7;74;0.73;15;3.88;11.65;0.9;74.3;295;-0.3;190.10;-0.16;0.00;1876;3921;228;88.1;56.4;47.766231;-3.504348;29.2;0.0;-14;-528;-1024;-345;480;-249;-1;0;1;-1;0x0000000000000002;8.0
03/01/2021;15:31:35.860;4.7;70;1.13;15;3.88;11.66;0.9;74.1;295;-1.5;202.00;-0.05;-0.02;2015;3921;236;88.6;50.3;47.766131;-3.504391;22.4;0.0;-7;-569;-1024;-656;480;-249;-1;0;1;-1;0x0000000000000002;8.0
03/01/2021;15:31:36.860;4.7;68;0.84;15;3.89;11.68;0.9;73.0;295;-1.3;210.70;-0.07;0.02;2092;3921;242;87.9;48.5;47.766021;-3.504470;21.8;0.0;-5;-502;-1024;-615;480;-249;-1;0;1;-1;0x0000000000000002;8.0
03/01/2021;15:31:37.860;4.7;60;0.91;15;3.89;11.69;0.9;71.8;295;-1.6;216.20;-0.06;-0.03;2137;3921;248;86.8;46.9;47.765923;-3.504568;21.4;0.0;22;-572;-629;-688;480;-249;-1;0;1;-1;0x0000000000000002;8.0
03/01/2021;15:31:38.860;4.7;58;0.94;15;3.83;11.60;3.4;71.2;296;-1.4;219.20;0.15;0.01;2225;3921;253;85.2;47.5;47.765870;-3.504656;20.1;0.0;101;-402;-85;-536;477;-249;-1;0;1;-1;0x0000000000000002;8.0
03/01/2021;15:31:39.860;4.7;62;0.97;15;3.82;11.44;7.4;70.5;298;-0.8;228.30;0.22;0.00;2291;3921;256;84.2;50.5;47.765751;-3.504816;20.3;0.0;143;-275;41;-567;477;-249;-1;0;1;-1;0x0000000000000002;8.0
03/01/2021;15:31:40.860;4.7;62;1.21;15;3.80;11.41;7.9;70.5;299;-0.1;229.30;0.16;-0.04;2306;3920;261;82.7;57.6;47.765700;-3.504910;24.6;0.0;77;-271;30;-512;186;-252;-1;0;1;-1;0x0000000000000002;8.0
03/01/2021;15:31:41.860;4.7;58;1.23;15;3.80;11.40;8.1;71.3;302;0.8;233.30;0.12;-0.03;2336;3920;263;82.5;60.3;47.765590;-3.505116;30.0;0.0;189;-152;303;-597;158;-252;-1;0;1;-1;0x0000000000000002;8.0
03/01/2021;15:31:42.860;4.7;62;0.98;15;3.76;11.27;10.9;72.1;304;0.0;234.30;0.17;-0.03;2344;3920;270;82.4;67.6;47.765535;-3.505268;32.4;0.0;183;-103;498;-599;158;-252;-1;0;1;-1;0x0000000000000002;8.0
03/01/2021;15:31:43.860;4.7;60;1.80;15;3.74;11.23;11.4;72.3;308;-0.1;233.30;0.13;-0.08;2334;3920;275;82.0;71.4;47.765393;-3.505518;37.0;0.0;184;-87;542;-586;161;-252;-1;0;1;-1;0x0000000000000002;8.0
03/01/2021;15:31:44.860;4.7;62;0.94;15;3.74;11.22;11.7;72.4;312;0.2;231.50;0.11;-0.03;2324;3921;286;81.2;78.2;47.765256;-3.505790;35.9;0.0;118;-194;483;-873;158;-249;-1;0;1;-1;0x0000000000000002;8.0
03/01/2021;15:31:45.860;4.7;60;0.92;15;3.73;11.22;11.1;72.6;314;0.2;231.10;0.05;-0.05;2304;3921;301;80.8;83.3;47.765181;-3.505931;40.0;0.0;97;-168;483;-955;158;-252;-1;0;1;-1;0x0000000000000002;8.0
03/01/2021;15:31:46.860;4.7;66;0.67;15;3.73;11.20;11.0;72.5;317;-0.2;222.40;0.04;-0.03;2226;3920;310;80.4;84.3;47.764981;-3.506248;42.9;0.0;101;-159;484;-845;158;-249;-1;0;1;-1;0x0000000000000002;8.0
03/01/2021;15:31:47.860;4.7;68;1.27;15;3.73;11.20;11.0;72.3;321;-0.2;217.50;0.00;-0.05;2186;3920;333;79.9;85.9;47.764778;-3.506481;43.5;0.0;103;-319;483;-870;158;-252;-1;0;1;-1;0x0000000000000002;8.0
03/01/2021;15:31:48.860;4.7;70;0.98;15;3.73;11.19;11.0;72.6;325;0.1;210.00;0.02;-0.02;2100;3920;356;80.2;84.4;47.764595;-3.506638;41.1;0.0;93;-326;483;-827;158;-249;-1;0;1;-1;0x0000000000000002;8.0
03/01/2021;15:31:49.860;4.7;70;0.85;15;3.72;11.18;11.0;73.2;327;1.4;200.40;0.02;-0.04;1991;3920;376;80.7;83.3;47.764401;-3.506755;43.5;0.0;101;-359;481;-709;158;-252;-1;0;1;-1;0x0000000000000002;8.0
03/01/2021;15:31:50.860;4.7;66;0.89;15;3.72;11.16;10.9;74.7;330;1.3;194.10;0.03;-0.02;1932;3920;396;82.0;81.0;47.764245;-3.506821;44.2;0.0;101;-358;481;-725;158;-249;-1;0;1;-1;0x0000000000000002;8.0
03/01/2021;15:31:51.860;4.7;68;0.98;15;3.72;11.17;11.0;76.1;332;1.2;189.80;0.05;-0.04;1895;3920;422;83.8;79.0;47.764126;-3.506860;43.8;0.0;64;-350;481;-685;158;-249;-1;0;1;-1;0x0000000000000002;8.0
03/01/2021;15:31:52.860;4.7;64;0.88;15;3.72;11.17;11.0;77.1;336;1.8;180.70;0.04;-0.02;1800;3920;436;84.7;77.6;47.763893;-3.506893;47.7;0.0;0;-346;483;-635;-46;-314;-1;0;1;-1;0x0000000000000002;8.0
03/01/2021;15:31:53.860;4.7;64;1.16;15;3.72;11.15;11.0;79.1;340;1.7;175.20;0.05;-0.05;1755;3921;463;86.5;75.7;47.763626;-3.506861;43.5;0.0;80;-362;486;-612;-103;-333;-1;0;1;-1;0x0000000000000002;8.0
03/01/2021;15:31:54.860;4.7;60;1.19;15;3.71;11.14;11.1;80.0;342;1.3;165.00;0.08;-0.02;1665;3921;488;88.1;74.7;47.763516;-3.506828;41.6;0.0;63;-477;483;-332;-103;-335;-1;0;1;-1;0x0000000000000002;8.0
03/01/2021;15:31:55.860;4.7;64;1.03;15;3.71;11.13;11.1;81.7;346;2.0;156.20;0.08;-0.02;1570;3921;499;88.8;73.9;47.763306;-3.506721;39.4;0.0;58;-453;483;-327;-103;-333;-1;0;1;-1;0x0000000000000002;8.0
03/01/2021;15:31:56.860;4.7;66;0.93;15;3.71;11.14;11.1;82.6;347;2.1;154.10;0.09;-0.06;1537;3921;522;90.6;71.1;47.763206;-3.506655;38.5;0.0;45;-508;484;-610;-103;-333;-1;0;1;-1;0x0000000000000002;8.0
03/01/2021;15:31:57.860;4.7;64;0.72;15;3.70;11.11;11.1;84.5;351;1.6;142.30;0.12;0.01;1435;3921;533;91.4;70.6;47.763023;-3.506463;39.0;0.0;51;-508;483;-620;-103;-333;-1;0;1;-1;0x0000000000000002;8.0
03/01/2021;15:31:58.860;4.7;62;0.81;15;3.70;11.11;11.1;86.0;355;1.8;136.60;0.10;-0.03;1373;3921;551;92.8;70.4;47.762841;-3.506361;38.5;0.0;34;-472;484;-523;-103;-333;-1;0;1;-1;0x0000000000000002;8.0
03/01/2021;15:31:59.860;4.7;60;1.08;15;3.71;11.13;11.1;86.8;357;2.0;124.70;0.11;-0.03;1244;3921;567;93.3;70.6;47.762776;-3.506125;35.7;0.0;45;-531;483;-495;-103;-333;-1;0;1;-1;0x0000000000000002;8.0
03/01/2021;15:32:00.860;4.7;60;1.04;15;3.69;11.10;11.1;88.4;361;1.9;114.90;0.10;-0.03;1140;3921;573;94.5;72.0;47.762670;-3.505848;37.2;0.0;58;-557;489;-409;-106;-333;-1;0;1;-1;0x0000000000000002;8.0
03/01/2021;15:32:01.860;4.7;60;1.35;15;3.70;11.10;11.1;89.0;363;1.6;110.30;0.09;-0.06;1095;3921;585;95.3;72.3;47.762628;-3.505650;40.7;0.0;45;-575;493;-374;-103;-333;-1;0;1;-1;0x0000000000000002;8.0
03/01/2021;15:32:02.860;4.7;56;0.90;15;3.70;11.09;11.1;90.3;367;1.9;100.20;0.07;-0.02;1000;3921;589;95.9;72.0;47.762565;-3.505338;40.1;0.0;52;-555;490;-333;-103;-333;-1;0;1;-1;0x0000000000000002;8.0
03/01/2021;15:32:03.860;4.7;54;1.17;15;3.70;11.08;11.0;91.0;369;1.6;96.70;0.08;-0.03;940;3921;595;96.8;71.8;47.762551;-3.505178;39.0;0.0;35;-135;490;4;-103;-333;-1;0;1;-1;0x0000000000000002;8.0
03/01/2021;15:32:04.860;4.7;54;0.58;15;3.69;11.07;11.0;90.9;373;1.2;92.00;0.06;-0.02;906;3921;598;96.9;72.7;47.762546;-3.504803;42.5;0.0;68;-641;493;157;-103;-333;-1;0;1;-1;0x0000000000000002;8.0
03/01/2021;15:32:05.860;4.7;52;1.51;15;3.69;11.09;11.0;90.6;375;-0.8;89.40;0.08;-0.06;883;3921;600;96.0;74.9;47.762555;-3.504636;43.5;0.0;34;-462;490;6;-103;-333;-1;0;1;-1;0x0000000000000002;8.0
03/01/2021;15:32:06.860;4.7;50;0.87;15;3.69;11.08;10.9;92.4;378;0.1;80.20;0.04;-0.03;784;3919;602;97.4;72.1;47.762585;-3.504371;40.9;0.0;0;-58;486;95;-103;-333;-1;0;1;-1;0x0000000000000002;8.0
03/01/2021;15:32:07.860;4.7;52;0.86;15;3.69;11.07;10.9;91.0;381;-1.4;75.90;0.02;-0.03;763;3919;602;98.2;73.3;47.762615;-3.504108;40.7;0.0;1;-548;487;-239;-103;-333;-1;0;1;-1;0x0000000000000002;8.0
03/01/2021;15:32:08.860;4.7;48;1.21;15;3.69;11.07;10.9;91.0;381;-1.4;75.90;0.02;-0.06;763;3919;602;98.2;73.3;47.762615;-3.504108;40.7;0.0;14;-656;487;-64;-103;-333;-1;0;1;-1;0x0000000000000012;8.0
03/01/2021;15:32:09.900;4.7;50;1.21;15;3.69;11.07;10.9;91.0;381;-1.4;75.90;0.02;-0.06;763;3919;602;98.2;73.3;47.762615;-3.504108;40.7;0.0;14;-727;487;-209;-106;-333;-1;0;1;-1;0x0000000000000002;8.0
03/01/2021;15:32:10.900;4.7;50;1.21;15;3.69;11.07;10.9;91.0;381;-1.4;75.90;0.02;-0.06;763;3919;602;98.2;73.3;47.762615;-3.504108;40.7;0.0;15;-698;487;-134;-106;-333;-1;0;1;-1;0x0000000000000002;8.0
03/01/2021;15:32:11.900;4.7;50;1.21;15;3.69;11.07;10.9;91.0;381;-1.4;75.90;0.02;-0.06;763;3919;602;98.2;73.3;47.762615;-3.504108;40.7;0.0;7;-636;487;-121;-106;-333;-1;0;1;-1;0x0000000000000002;8.0
03/01/2021;15:32:12.900;4.7;50;1.21;15;3.69;11.07;10.9;91.0;381;-1.4;75.90;0.02;-0.06;763;3919;602;98.2;73.3;47.762615;-3.504108;40.7;0.0;-2;-593;484;-542;-106;-335;-1;0;1;-1;0x0000000000000002;8.0
03/01/2021;15:32:13.900;4.7;50;1.21;15;3.69;11.07;10.9;91.0;381;-1.4;75.90;0.02;-0.06;763;3919;602;98.2;73.3;47.762615;-3.504108;40.7;0.0;-2;-664;483;-659;-106;-333;-1;0;1;-1;0x0000000000000000;8.0
03/01/2021;15:32:14.930;4.7;50;1.21;15;3.69;11.07;10.9;91.0;381;-1.4;75.90;0.02;-0.06;763;3919;602;98.2;73.3;47.762615;-3.504108;40.7;0.0;-2;-710;483;-800;-106;-335;-1;0;1;-1;0x0000000000000000;8.0
03/01/2021;15:32:15.930;4.7;50;1.21;15;3.69;11.07;10.9;91.0;381;-1.4;75.90;0.02;-0.06;763;3919;602;98.2;73.3;47.762615;-3.504108;40.7;0.0;-2;-769;483;-827;-106;-333;-1;0;1;-1;0x0000000000000000;8.0
03/01/2021;15:32:16.970;4.7;22;1.21;15;3.69;11.07;10.9;91.0;381;-1.4;75.90;0.02;-0.06;763;3919;602;98.2;75.8;47.762615;-3.504108;42.0;0.0;-2;-760;483;-793;-106;-333;-1;0;1;-1;0x0000000000000012;8.0
03/01/2021;15:32:17.970;4.7;54;0.97;15;3.67;11.02;10.9;89.9;384;3.9;356.20;0.16;-0.03;3526;3919;536;119.4;71.6;47.762678;-3.502446;33.8;0.0;-1;-758;483;-787;-106;-333;-1;0;1;-1;0x0000000000000002;8.0
03/01/2021;15:32:18.990;4.7;56;1.04;15;3.67;11.02;11.0;116.2;416;3.8;332.50;0.11;0.01;3323;3920;523;120.3;73.5;47.763936;-3.502558;35.3;0.0;-2;-624;481;-364;-106;-333;-1;0;1;-1;0x0000000000000002;8.0
03/01/2021;15:32:20.030;4.7;58;0.79;15;3.67;11.03;10.9;117.9;418;2.9;324.00;0.08;-0.03;3244;3919;495;120.5;78.5;47.764035;-3.502645;37.4;0.0;-2;15;481;6;-106;-335;-1;0;1;-1;0x0000000000000002;8.0
03/01/2021;15:32:21.030;4.7;56;1.12;15;3.67;11.01;10.8;117.0;422;-1.9;318.20;-0.02;-0.01;3183;3919;478;118.9;82.3;47.764250;-3.502946;41.4;0.0;-53;-126;474;189;-106;-335;-1;0;1;-1;0x0000000000000002;8.0
03/01/2021;15:32:22.080;4.7;58;0.99;15;3.68;11.06;9.8;112.4;426;-1.3;315.10;-0.13;-0.02;3147;3920;448;112.2;87.9;47.764466;-3.503218;45.0;0.0;-61;-209;334;206;-106;-333;-1;0;1;-1;0x0000000000000002;8.0
03/01/2021;15:32:23.100;4.7;60;1.70;15;3.68;11.06;9.4;107.9;429;-2.3;312.40;-0.14;-0.02;3135;3920;417;107.2;91.9;47.764648;-3.503363;47.7;0.0;-4;-584;334;628;-106;-335;-1;0;1;-1;0x0000000000000322;8.0
03/01/2021;15:32:24.120;4.7;58;0.96;15;3.68;11.06;9.5;106.4;431;-0.4;311.80;-0.09;-0.04;3098;3919;388;105.2;91.5;47.764736;-3.503676;47.4;0.0;-14;-596;300;761;-106;-335;-1;0;1;-1;0x0000000000000322;8.0
03/01/2021;15:32:25.120;4.7;60;1.15;15;3.69;11.07;9.4;103.5;434;-0.3;314.40;-0.06;-0.03;3109;3919;373;104.9;88.0;47.764911;-3.504028;44.4;0.0;-13;-623;303;894;-106;-333;-1;0;1;-1;0x0000000000000002;8.0
03/01/2021;15:32:26.120;4.7;58;0.63;15;3.68;11.06;9.4;102.4;436;-0.9;316.90;-0.10;-0.03;3162;3919;344;105.6;85.5;47.765031;-3.504165;42.4;0.0;-8;15;-1024;9;-106;-333;-1;0;1;-1;0x0000000000000002;8.0
03/01/2021;15:32:27.120;4.7;52;0.88;15;3.79;11.37;0.9;100.6;437;-3.1;315.90;-0.28;-0.02;3172;3919;330;105.0;78.5;47.765123;-3.504291;41.1;0.0;-58;17;-1024;7;-103;-335;-1;0;1;-1;0x0000000000000002;8.0
03/01/2021;15:32:28.120;4.7;56;1.03;15;3.79;11.39;0.9;94.6;437;-3.4;320.10;-0.22;0.02;3208;3818;315;104.3;70.6;47.765318;-3.504550;35.9;0.0;-5;17;-1024;-149;-103;-335;-1;0;1;-1;0x0000000000000002;8.0
03/01/2021;15:32:29.120;4.7;54;0.91;15;3.80;11.40;0.9;92.5;437;-3.9;323.50;-0.14;-0.03;3236;3819;300;104.0;64.0;47.765418;-3.504670;35.9;0.0;-4;-112;-1024;-479;-106;-333;-1;0;1;-1;0x0000000000000002;8.0
03/01/2021;15:32:30.120;4.7;60;0.99;15;3.81;11.43;0.9;88.1;438;-3.6;327.10;-0.10;-0.01;3261;3819;275;102.4;53.5;47.765515;-3.504773;25.0;0.0;-5;-159;-957;-544;-106;-335;-1;0;1;-1;0x0000000000000002;8.0
03/01/2021;15:32:31.120;4.7;60;0.77;15;3.81;11.44;0.9;86.9;438;-3.2;331.70;-0.05;-0.02;3300;3818;257;101.7;50.2;47.765668;-3.504920;21.8;0.0;0;-43;-644;-563;-103;-333;-1;0;1;-1;0x0000000000000002;8.0
03/01/2021;15:32:32.120;4.7;58;1.20;15;3.79;11.36;3.5;85.3;439;-2.0;335.50;0.04;-0.03;3324;3818;249;100.3;46.0;47.765791;-3.505016;22.2;0.0;45;14;-232;-524;-106;-333;-1;0;1;-1;0x0000000000000002;8.0
03/01/2021;15:32:33.120;4.7;62;1.05;15;3.75;11.27;6.0;85.2;440;-1.4;334.00;0.18;-0.02;3342;3819;233;99.9;47.0;47.765855;-3.505061;22.0;0.0;34;329;-160;-343;-103;-335;-1;0;1;-1;0x0000000000000002;8.0
03/01/2021;15:32:34.120;4.7;60;1.08;15;3.75;11.26;6.5;86.4;442;-0.2;331.60;0.16;-0.02;3331;3820;225;100.1;48.8;47.765983;-3.505173;21.4;0.0;44;464;-36;-335;-106;-333;-1;0;1;-1;0x0000000000000002;8.0
03/01/2021;15:32:35.120;4.7;64;0.97;15;3.74;11.24;6.4;88.0;443;-0.3;332.90;0.14;-0.02;3317;3819;207;100.8;53.8;47.766073;-3.505226;24.0;0.0;0;196;-122;-528;-106;-333;-1;0;1;-1;0x0000000000000002;8.0
03/01/2021;15:32:36.120;4.7;64;1.07;15;3.74;11.24;6.3;88.6;445;-0.2;329.00;0.11;-0.01;3295;3820;188;101.1;55.5;47.766216;-3.505345;25.1;0.0;37;-3;-82;-353;-106;-333;-1;0;1;-1;0x0000000000000002;8.0
03/01/2021;15:32:37.120;4.7;66;1.37;15;3.73;11.21;7.3;90.9;448;2.0;324.90;0.13;-0.01;3262;3820;178;101.6;57.7;47.766363;-3.505480;27.0;0.0;-4;19;4;6;-103;-335;-1;0;1;-1;0x0000000000000002;8.0
03/01/2021;15:32:38.120;4.7;68;0.88;15;3.73;11.19;7.3;92.5;449;1.5;326.40;0.11;-0.02;3255;3820;158;103.8;58.8;47.766435;-3.505553;30.5;0.0;-5;17;-6;6;-103;-333;0;0;1;-1;0x0000000000000002;8.0
03/01/2021;15:32:39.150;4.7;68;0.69;615;3.73;11.20;7.3;94.5;451;0.8;326.30;0.10;-0.01;3256;3821;148;104.3;59.3;47.766603;-3.505726;30.1;0.0;-4;17;-186;6;-106;-333;1;0;1;-1;0x0000000000000002;8.0
03/01/2021;15:32:40.170;4.7;72;0.76;615;3.75;11.26;5.2;95.9;453;0.2;336.50;0.04;0.00;3338;3821;123;105.4;57.9;47.766728;-3.505841;28.3;0.0;-2;17;-187;6;-103;-335;1;0;1;-1;0x0000000000000002;8.0
03/01/2021;15:32:41.180;4.7;82;1.20;615;3.75;11.27;4.9;95.9;455;0.5;352.00;0.02;-0.01;3529;3821;109;104.5;58.2;47.766925;-3.505896;26.6;0.0;-2;17;-186;6;-103;-333;1;0;1;-1;0x0000000000000002;8.0
03/01/2021;15:32:42.230;4.7;82;1.01;615;3.76;11.29;4.5;96.4;456;-0.2;25.00;-0.02;0.02;250;3821;96;104.0;59.0;47.767035;-3.505841;28.7;0.0;-2;17;-186;6;-103;-333;1;0;1;-1;0x0000000000000002;8.0
03/01/2021;15:32:43.270;4.7;82;1.21;615;3.76;11.28;4.8;95.7;457;-0.2;49.20;-0.04;-0.02;488;3921;86;100.7;61.1;47.767131;-3.505700;31.8;0.0;-2;17;-186;6;-103;-335;1;0;1;-1;0x0000000000000002;8.0
03/01/2021;15:32:44.270;4.7;78;1.49;615;3.75;11.24;5.9;94.2;459;-0.5;69.60;-0.04;-0.03;707;3922;90;97.7;65.9;47.767208;-3.505533;34.4;0.0;-2;17;-186;6;-103;-333;1;0;1;-1;0x0000000000000002;8.0
03/01/2021;15:32:45.270;4.7;82;1.46;615;3.74;11.21;6.9;92.9;461;1.2;104.70;-0.03;-0.01;1067;3922;103;93.1;70.6;47.767205;-3.505183;35.9;0.0;-4;19;-186;6;-103;-335;1;0;1;-1;0x0000000000000002;8.0
03/01/2021;15:32:46.270;4.7;82;1.36;615;3.72;11.17;7.7;91.8;463;1.7;125.00;-0.01;-0.03;1286;3921;120;90.2;74.8;47.767136;-3.504990;39.6;0.0;-4;17;-186;6;-103;-333;1;0;1;-1;0x0000000000000002;8.0
03/01/2021;15:32:47.270;4.7;74;1.39;615;3.71;11.13;8.5;91.3;465;3.4;143.90;-0.03;-0.06;1454;3921;149;88.0;77.7;47.767000;-3.504796;40.0;0.0;-2;17;-186;6;-103;-333;1;0;1;-1;0x0000000000000002;8.0
03/01/2021;15:32:48.270;4.7;76;1.42;615;3.70;11.09;9.2;91.1;467;3.1;159.40;0.01;-0.06;1617;3921;166;89.0;75.8;47.766863;-3.504696;40.5;0.0;-2;17;-186;6;-103;-333;1;0;1;-1;0x0000000000000002;8.0
03/01/2021;15:32:49.270;4.7;76;1.01;615;3.69;11.08;9.5;90.8;471;2.8;173.70;0.03;0.00;1749;3923;181;91.1;72.6;47.766610;-3.504636;39.8;0.0;-4;17;-186;6;-103;-333;1;0;1;-1;0x0000000000000002;8.0
03/01/2021;15:32:50.300;4.7;70;-0.01;15;3.73;11.19;5.7;89.2;473;-3.6;179.90;-0.03;-0.06;1885;3923;193;93.6;67.6;47.766438;-3.504668;38.7;0.0;-2;17;-186;7;-106;-333;0;0;1;-1;0x0000000000000002;8.0
03/01/2021;15:32:51.350;4.7;70;1.52;15;3.73;11.21;5.6;84.6;474;-3.9;186.70;-0.09;-0.07;1889;3923;211;91.1;68.8;47.766301;-3.504698;35.9;0.0;-2;-73;-186;361;-103;-333;-1;0;1;-1;0x0000000000000002;8.0
03/01/2021;15:32:52.380;4.7;70;1.39;15;3.73;11.21;5.6;79.6;476;-3.2;188.00;-0.09;-0.04;1892;3923;224;89.5;71.3;47.766126;-3.504738;36.1;0.0;-4;-192;-184;473;-103;-333;-1;0;1;-1;0x0000000000000002;8.0
03/01/2021;15:32:53.420;4.7;66;1.09;15;3.73;11.20;5.6;77.0;478;-3.3;193.70;-0.06;-0.04;1909;3923;238;88.5;70.6;47.765918;-3.504810;36.4;0.0;-4;-377;-184;773;-103;-333;-1;0;1;-1;0x0000000000000002;8.0
03/01/2021;15:32:54.430;4.7;60;1.16;15;3.73;11.20;5.6;75.8;479;-2.2;200.00;-0.03;-0.05;1999;3923;255;87.8;70.3;47.765783;-3.504858;35.1;0.0;0;-388;-108;797;-106;-333;-1;0;1;-1;0x0000000000000002;8.0
03/01/2021;15:32:55.430;4.7;62;1.11;15;3.73;11.19;6.2;74.6;481;-1.9;210.70;0.00;0.02;2051;3923;263;87.6;69.3;47.765596;-3.504995;33.7;0.0;-2;-332;-119;902;-103;-335;-1;0;1;-1;0x0000000000000002;8.0
03/01/2021;15:32:56.430;4.7;62;1.07;15;3.72;11.19;6.2;74.2;482;-2.0;220.70;0.00;-0.02;2210;3923;277;86.9;68.9;47.765511;-3.505083;34.6;0.0;-2;-338;-119;883;-106;-333;-1;0;1;-1;0x0000000000000002;8.0
03/01/2021;15:32:57.430;4.7;58;0.80;15;3.72;11.18;6.2;73.5;484;-1.2;237.60;-0.01;0.00;2381;3923;282;86.3;69.2;47.765373;-3.505311;33.8;0.0;-4;12;-113;9;-103;-333;-1;0;1;-1;0x0000000000000002;8.0
03/01/2021;15:32:58.430;4.7;58;0.80;15;3.72;11.17;6.2;73.4;485;-1.1;242.60;0.01;-0.02;2419;3923;289;84.8;70.2;47.765305;-3.505490;34.4;0.0;-4;-174;-113;9;-103;-335;-1;0;1;-1;0x0000000000000002;8.0
03/01/2021;15:32:59.430;4.7;58;0.65;15;3.72;11.18;6.2;73.5;487;0.0;251.50;-0.01;0.00;2508;3923;292;84.0;70.9;47.765221;-3.505778;34.8;0.0;-4;-170;-111;-348;-106;-333;-1;0;1;-1;0x0000000000000002;8.0
03/01/2021;15:33:00.430;4.7;58;1.07;15;3.72;11.17;6.2;73.8;489;0.2;255.00;0.01;-0.02;2539;3923;297;83.2;71.4;47.765163;-3.506085;34.4;0.0;-23;-301;-113;-588;-253;-333;-1;0;1;-1;0x0000000000000002;8.0
03/01/2021;15:33:01.430;4.7;64;1.24;15;3.72;11.17;6.2;73.9;491;0.8;254.70;0.04;-0.02;2570;3923;302;82.8;70.9;47.765138;-3.506240;34.6;0.0;-4;-421;-113;-798;-235;-333;-1;0;1;-1;0x0000000000000002;8.0
03/01/2021;15:33:02.430;4.7;66;0.93;15;3.72;11.18;6.2;75.1;493;1.0;253.10;0.03;0.02;2567;3923;305;83.4;69.3;47.765083;-3.506595;34.6;0.0;-1;-135;-111;-178;-235;-333;-1;0;1;-1;0x0000000000000002;8.0
03/01/2021;15:33:03.430;4.7;68;0.81;15;3.72;11.17;6.5;75.4;495;0.4;257.80;0.02;-0.01;2548;3923;312;84.7;67.7;47.765055;-3.506741;33.1;0.0;-2;-158;-17;6;-235;-333;-1;0;1;-1;0x0000000000000002;8.0
03/01/2021;15:33:04.430;4.7;68;0.95;15;3.71;11.14;7.1;75.2;496;0.0;259.60;0.04;-0.02;2595;3923;317;84.9;67.6;47.765010;-3.507036;32.7;0.0;0;-209;-17;6;-238;-333;-1;0;1;-1;0x0000000000000002;8.0
03/01/2021;15:33:05.430;4.7;68;1.05;15;3.71;11.14;7.1;75.2;499;-0.1;263.70;0.05;-0.02;2615;3923;325;85.2;67.1;47.764978;-3.507331;32.0;0.0;1;-168;-19;-38;-238;-333;-1;0;1;-1;0x0000000000000002;8.0
03/01/2021;15:33:06.430;4.7;68;0.84;15;3.71;11.13;7.1;75.1;500;-0.5;266.90;0.06;-0.03;2667;3923;333;85.3;66.6;47.764968;-3.507528;31.6;0.0;1;-173;-17;-140;-235;-333;-1;0;1;-1;0x0000000000000002;8.0
03/01/2021;15:33:07.430;4.7;64;1.07;15;3.70;11.12;7.1;74.4;502;-0.8;271.00;0.06;-0.04;2719;3923;337;84.8;66.8;47.764965;-3.507825;32.7;0.0;-2;15;-20;6;-235;-333;-1;0;1;-1;0x0000000000000002;8.0
03/01/2021;15:33:08.430;4.7;68;0.90;15;3.71;11.12;7.1;74.0;504;-0.4;273.50;0.04;-0.01;2749;3923;344;84.0;67.5;47.764971;-3.507975;32.5;0.0;-2;17;-20;6;-235;-333;-1;0;1;-1;0x0000000000000002;8.0
03/01/2021;15:33:09.430;4.7;64;1.09;15;3.70;11.12;7.1;73.9;506;-0.6;283.30;0.04;-0.03;2824;3922;347;83.8;67.8;47.765001;-3.508271;33.3;0.0;-4;17;-20;6;-235;-333;-1;0;1;-1;0x0000000000000002;8.0
03/01/2021;15:33:10.430;4.7;56;0.99;15;3.70;11.11;7.0;72.9;509;-0.8;286.20;0.04;-0.03;2852;3922;352;82.9;69.1;47.765055;-3.508616;33.3;0.0;-4;17;-23;6;-235;-333;-1;0;1;-1;0x0000000000000002;8.0
03/01/2021;15:33:11.430;4.7;56;0.94;15;3.70;11.10;7.0;72.4;510;-0.5;291.50;0.02;-0.01;2919;3821;354;82.2;70.1;47.765101;-3.508763;32.4;0.0;-4;-462;-23;-45;-235;-333;-1;0;1;-1;0x0000000000000002;8.0
03/01/2021;15:33:12.430;4.7;56;1.43;15;3.70;11.10;7.0;73.0;511;0.6;297.30;0.05;-0.07;2958;3821;357;81.6;69.7;47.765146;-3.508906;31.6;0.0;-2;-575;-23;-468;-235;-333;-1;0;1;-1;0x0000000000000002;8.0
03/01/2021;15:33:13.430;4.7;58;0.79;15;3.70;11.10;7.0;74.2;514;2.1;304.10;0.07;-0.02;3036;3923;359;83.6;67.4;47.765251;-3.509171;31.6;0.0;-2;-579;-25;-583;-235;-335;-1;0;1;-1;0x0000000000000002;8.0
03/01/2021;15:33:14.430;4.7;64;0.91;15;3.69;11.09;7.0;75.9;516;1.4;306.30;0.09;-0.01;3065;3923;360;84.7;63.2;47.765381;-3.509443;30.9;0.0;-2;-581;-27;-703;-235;-333;-1;0;1;-1;0x0000000000000002;8.0
03/01/2021;15:33:15.430;4.7;64;0.64;15;3.69;11.09;7.0;77.4;517;1.8;305.70;0.10;-0.03;3055;3923;362;87.2;60.1;47.765436;-3.509555;31.1;0.0;-1;-409;-25;-24;-235;-333;-1;0;1;-1;0x0000000000000002;8.0
03/01/2021;15:33:16.430;4.7;66;1.11;15;3.69;11.08;7.0;77.7;520;0.8;310.90;0.12;-0.03;3091;3923;363;87.9;59.9;47.765541;-3.509773;28.8;0.0;0;-563;-23;-173;-235;-333;-1;0;1;-1;0x0000000000000002;8.0
03/01/2021;15:33:17.430;4.7;64;0.53;15;3.69;11.08;7.0;78.9;522;-0.7;312.40;0.10;0.00;3126;3923;365;89.6;57.8;47.765660;-3.509998;27.5;0.0;-1;17;-25;6;-235;-333;-1;0;1;-1;0x0000000000000002;8.0
03/01/2021;15:33:18.430;4.7;66;0.98;15;3.69;11.08;7.0;78.4;524;-1.2;319.80;0.10;-0.03;3183;3923;366;89.3;59.2;47.765745;-3.510088;27.4;0.0;4;-414;-25;6;-235;-335;-1;0;1;-1;0x0000000000000002;8.0
03/01/2021;15:33:19.430;4.7;66;1.27;15;3.69;11.08;7.0;78.0;526;0.8;327.70;0.12;-0.01;3270;3923;366;88.8;60.8;47.765890;-3.510251;26.2;0.0;8;-463;-22;9;-37;-335;-1;0;1;-1;0x0000000000000002;8.0
03/01/2021;15:33:20.430;4.7;66;1.08;15;3.69;11.08;7.0;78.7;527;0.6;332.40;0.10;-0.01;3325;3923;364;89.5;60.0;47.765970;-3.510318;27.0;0.0;-4;-591;-23;-256;115;-333;-1;0;1;-1;0x0000000000000002;8.0
03/01/2021;15:33:21.430;4.7;66;1.25;15;3.69;11.07;7.0;80.1;530;3.1;339.20;0.10;0.00;3412;3923;363;90.0;59.0;47.766131;-3.510425;27.7;0.0;-1;-792;-23;3;115;-333;-1;0;1;-1;0x0000000000000002;8.0
03/01/2021;15:33:22.430;4.7;62;1.01;15;3.69;11.07;7.1;84.7;532;4.2;343.80;0.14;-0.01;3458;3923;358;93.6;51.5;47.766291;-3.510495;27.0;0.0;-1;-740;-23;115;115;-333;-1;0;1;-1;0x0000000000000002;8.0
03/01/2021;15:33:23.430;4.7;56;0.77;15;3.68;11.07;7.1;86.9;533;3.9;358.20;0.16;-0.03;3572;3923;351;98.8;49.8;47.766391;-3.510505;25.1;0.0;-1;-724;-23;203;115;-333;-1;0;1;-1;0x0000000000000002;8.0
03/01/2021;15:33:24.430;4.7;58;0.63;15;3.68;11.06;7.1;90.5;536;2.6;11.90;0.16;-0.03;32;3923;347;100.5;47.3;47.766533;-3.510488;24.0;0.0;-1;-725;-25;159;115;-333;-1;0;1;-1;0x0000000000000002;8.0
03/01/2021;15:33:25.430;4.7;64;0.98;15;3.68;11.06;7.1;91.8;537;2.0;16.70;0.22;-0.04;171;3923;337;102.8;45.9;47.766600;-3.510465;21.8;0.0;0;-784;-23;168;115;-333;-1;0;1;-1;0x0000000000000002;8.0
03/01/2021;15:33:26.430;4.7;68;1.00;15;3.68;11.06;7.1;94.3;540;2.2;30.80;0.19;-0.03;316;3923;331;103.8;44.8;47.766725;-3.510366;21.1;0.0;-1;-700;-23;107;115;-333;-1;0;1;-1;0x0000000000000002;8.0
03/01/2021;15:33:27.430;4.7;72;1.01;15;3.68;11.06;7.1;96.3;542;2.1;44.80;0.20;-0.02;463;3923;318;105.5;45.7;47.766831;-3.510235;20.7;0.0;-1;-731;-25;7;120;-335;-1;0;1;-1;0x0000000000000002;8.0
03/01/2021;15:33:28.430;4.7;74;0.98;15;3.68;11.04;7.1;98.0;544;2.1;54.90;0.15;-0.03;563;3923;306;106.8;45.9;47.766903;-3.510125;22.9;0.0;-1;-692;-25;-536;120;-333;-1;0;1;-1;0x0000000000000002;8.0
03/01/2021;15:33:29.430;4.7;78;0.80;15;3.68;11.05;7.0;99.4;546;0.7;59.30;0.13;-0.03;616;3922;289;108.0;45.9;47.766950;-3.509975;22.7;0.0;-1;15;-23;6;120;-333;-1;0;1;-1;0x0000000000000002;8.0
03/01/2021;15:33:30.430;4.7;78;0.79;15;3.68;11.07;5.8;98.5;548;-1.4;66.40;0.08;-0.01;648;3922;277;107.0;52.0;47.767003;-3.509846;26.4;0.0;-2;15;-678;6;120;-333;-1;0;1;-1;0x0000000000000002;8.0
03/01/2021;15:33:31.430;4.7;78;1.00;15;3.75;11.26;0.9;95.5;549;-2.1;74.50;-0.16;-0.02;739;3922;264;104.6;52.9;47.767058;-3.509585;29.2;0.0;-1;15;-1024;6;120;-333;-1;0;1;-1;0x0000000000000002;8.0
03/01/2021;15:33:32.430;4.7;78;0.89;15;3.75;11.27;0.9;92.6;549;-2.8;91.30;-0.18;-0.01;935;3922;251;102.2;51.6;47.767065;-3.509430;28.1;0.0;-2;11;-1024;-16;120;-333;-1;0;1;-1;0x0000000000000002;8.0
03/01/2021;15:33:33.430;4.7;76;1.26;15;3.76;11.28;0.9;89.2;549;-2.8;105.10;-0.16;-0.01;1060;3923;239;98.7;50.2;47.767043;-3.509246;27.7;0.0;-1;-85;-1024;-374;120;-333;-1;0;1;-1;0x0000000000000002;8.0
03/01/2021;15:33:34.430;4.7;72;0.92;15;3.76;11.30;0.9;85.9;550;-2.7;113.60;-0.15;0.02;1180;3923;226;94.1;50.1;47.767006;-3.509110;26.8;0.0;-2;-109;-981;-690;120;-335;-1;0;1;-1;0x0000000000000002;8.0
03/01/2021;15:33:35.430;4.7;68;1.13;15;3.76;11.28;1.7;80.8;550;-3.0;123.50;-0.14;-0.04;1258;3923;219;91.4;49.1;47.766941;-3.508953;26.8;0.0;0;-64;-637;-682;120;-333;-1;0;1;-1;0x0000000000000002;8.0
03/01/2021;15:33:36.430;4.7;62;1.12;15;3.74;11.23;3.3;78.8;550;-2.8;128.90;0.01;-0.02;1306;3922;214;87.7;49.7;47.766863;-3.508810;24.8;0.0;7;-67;-307;-627;120;-333;-1;0;1;-1;0x0000000000000002;8.0
03/01/2021;15:33:37.430;4.7;62;1.18;15;3.72;11.18;4.7;75.2;552;-2.3;131.50;0.00;-0.03;1329;3922;211;86.2;54.0;47.766758;-3.508635;27.9;0.0;0;-49;-308;-776;120;-333;-1;0;1;-1;0x0000000000000002;8.0
03/01/2021;15:33:38.430;4.7;56;1.08;15;3.72;11.17;4.7;73.8;553;-2.2;129.40;-0.02;-0.02;1314;3922;207;83.8;56.0;47.766703;-3.508543;30.7;0.0;14;-21;-308;-737;120;-333;-1;0;1;-1;0x0000000000000002;8.0
03/01/2021;15:33:39.430;4.7;56;1.15;15;3.72;11.17;4.6;71.5;554;-1.7;125.80;-0.04;-0.01;1261;3922;205;82.8;56.4;47.766596;-3.508315;30.9;0.0;11;-1;-310;-699;120;-335;-1;0;1;-1;0x0000000000000002;8.0
03/01/2021;15:33:40.430;4.7;60;1.11;15;3.72;11.17;4.6;69.5;555;-1.9;123.10;-0.02;-0.02;1233;3921;202;81.1;54.9;47.766533;-3.508211;32.5;0.0;0;3;-310;-651;120;-333;-1;0;1;-1;0x0000000000000002;8.0
03/01/2021;15:33:41.430;4.7;54;1.08;15;3.72;11.16;4.6;68.5;557;-1.5;118.40;0.01;0.00;1168;3922;200;80.4;54.5;47.766451;-3.508000;31.1;0.0;0;-7;-310;-593;117;-333;-1;0;1;-1;0x0000000000000002;8.0
03/01/2021;15:33:42.430;4.7;56;1.13;15;3.72;11.16;4.6;67.9;558;-1.0;118.40;0.01;0.00;1168;3923;198;80.0;54.6;47.766416;-3.507853;31.8;0.0;-2;14;-318;-460;120;-333;-1;0;1;-1;0x0000000000000002;8.0
03/01/2021;15:33:43.430;4.7;52;1.15;15;3.72;11.16;4.6;67.9;558;-1.0;114.00;0.01;-0.02;1135;3923;195;79.9;52.9;47.766416;-3.507853;31.1;0.0;-7;269;-1024;-249;120;-333;-1;0;1;-1;0x0000000000000002;8.0
03/01/2021;15:33:44.430;4.7;56;0.99;15;3.76;11.30;0.9;65.9;560;-1.5;112.10;-0.12;-0.03;1085;3923;190;79.7;47.9;47.766335;-3.507521;26.4;0.0;-18;164;-1024;-594;120;-333;-1;0;1;-1;0x0000000000000002;8.0
03/01/2021;15:33:45.430;4.7;56;0.97;15;3.76;11.31;0.9;64.7;560;-2.0;113.50;-0.10;-0.02;1164;3923;189;79.0;45.9;47.766271;-3.507328;24.2;0.0;-66;589;-738;-473;120;-333;-1;0;1;-1;0x0000000000000002;8.0
03/01/2021;15:33:46.430;4.7;56;0.80;15;3.77;11.31;1.5;62.6;560;-3.4;113.50;-0.10;-0.02;1164;3923;189;78.3;44.0;47.766208;-3.507155;21.4;0.0;-21;702;-622;-520;117;-333;-1;0;1;-1;0x0000000000000002;8.0
03/01/2021;15:33:47.430;4.7;64;1.08;15;3.75;11.27;2.3;59.6;561;-3.4;122.00;-0.04;-0.01;1239;3923;194;73.6;49.2;47.766158;-3.507038;22.2;0.0;-8;546;-624;-733;117;-333;-1;0;1;-1;0x0000000000000002;8.0
03/01/2021;15:33:48.430;4.7;64;1.20;15;3.75;11.27;2.3;56.8;562;-2.2;118.40;-0.05;-0.01;1221;3922;197;72.3;50.5;47.766076;-3.506853;24.4;0.0;-7;505;-622;-742;115;-333;-1;0;1;-1;0x0000000000000002;8.0
03/01/2021;15:33:49.430;4.7;66;1.03;15;3.75;11.27;2.3;55.4;562;-1.1;110.50;-0.04;0.01;1157;3923;203;71.0;51.6;47.766008;-3.506646;25.1;0.0;-5;396;-622;-808;117;-333;-1;0;1;-1;0x0000000000000002;8.0
03/01/2021;15:33:50.430;4.7;62;1.00;15;3.75;11.27;2.3;55.1;563;-1.1;104.30;-0.02;-0.01;1048;3922;207;70.6;50.1;47.765983;-3.506538;23.5;0.0;-4;320;-621;-818;117;-335;-1;0;1;-1;0x0000000000000002;8.0
03/01/2021;15:33:51.430;4.7;54;1.16;15;3.75;11.27;2.4;54.6;563;-1.0;95.40;-0.02;-0.01;972;3923;208;70.3;49.5;47.765968;-3.506391;23.1;0.0;-4;231;-619;-568;117;-333;-1;0;1;-1;0x0000000000000002;8.0
03/01/2021;15:33:52.430;4.7;52;1.07;15;3.75;11.27;2.4;54.6;564;-0.5;86.20;-0.03;-0.03;867;3922;208;69.9;49.2;47.765965;-3.506281;22.9;0.0;-4;212;-557;128;117;-335;-1;0;1;-1;0x0000000000000002;8.0
03/01/2021;15:33:53.430;4.7;54;1.09;15;3.75;11.26;2.7;54.8;564;0.0;73.20;-0.01;-0.03;729;3922;208;69.9;49.2;47.765985;-3.506138;22.9;0.0;-4;11;-434;101;117;-333;-1;0;1;-1;0x0000000000000002;8.0
03/01/2021;15:33:54.430;4.7;52;1.09;15;3.74;11.25;3.1;55.5;566;0.0;73.20;-0.01;-0.03;729;3923;203;69.9;47.9;47.766045;-3.505871;22.4;0.0;1;-63;-203;176;117;-335;-1;0;1;-1;0x0000000000000002;8.0
03/01/2021;15:33:55.430;4.7;54;0.88;15;3.72;11.15;5.7;55.3;566;-0.2;63.80;0.08;-0.03;634;3924;198;69.2;49.2;47.766045;-3.505871;23.8;0.0;22;-90;-140;331;117;-335;-1;0;1;-1;0x0000000000000002;8.0
03/01/2021;15:33:56.430;4.7;52;1.38;15;3.72;11.15;5.7;55.3;568;0.1;56.90;0.14;0.00;562;3924;192;68.8;49.2;47.766153;-3.505623;25.1;0.0;-2;-215;-240;387;117;-333;-1;0;1;-1;0x0000000000000002;8.0
03/01/2021;15:33:57.430;4.7;54;1.30;15;3.71;11.14;5.6;55.9;569;0.9;55.00;0.06;-0.04;536;3923;187;69.6;51.5;47.766228;-3.505466;25.1;0.0;-1;-128;-242;562;117;-333;-1;0;1;-1;0x0000000000000002;8.0
03/01/2021;15:33:58.430;4.7;56;0.87;15;3.71;11.15;5.0;57.3;572;0.5;52.70;0.07;-0.01;526;3924;183;70.4;51.6;47.766306;-3.505311;25.5;0.0;-1;-146;-240;533;117;-333;-1;0;1;-1;0x0000000000000002;8.0
03/01/2021;15:33:59.430;4.7;58;0.79;15;3.71;11.14;5.1;57.5;573;0.3;54.80;0.08;0.01;558;3924;182;71.0;51.7;47.766430;-3.505065;25.5;0.0;-2;-153;-242;481;117;-333;-1;0;1;-1;0x0000000000000002;8.0
03/01/2021;15:34:00.430;4.7;56;0.78;15;3.71;11.14;5.1;57.6;575;-0.1;56.50;0.06;-0.02;582;3924;181;71.8;51.9;47.766526;-3.504936;25.7;0.0;-4;-128;-234;436;117;-333;-1;0;1;-1;0x0000000000000002;8.0
03/01/2021;15:34:01.430;4.7;60;1.06;15;3.71;11.13;5.1;57.2;576;-0.9;61.60;0.09;0.00;608;3923;182;71.7;52.0;47.766565;-3.504736;23.3;0.0;-5;-63;-234;278;117;-333;-1;0;1;-1;0x0000000000000002;8.0
03/01/2021;15:34:02.430;4.7;66;0.81;15;3.70;11.13;5.1;56.6;578;-1.7;62.30;0.07;-0.01;642;3923;187;71.4;51.9;47.766645;-3.504493;25.1;0.0;-7;15;-234;6;117;-333;-1;0;1;-1;0x0000000000000002;8.0
03/01/2021;15:34:03.430;4.7;68;0.86;15;3.70;11.12;5.1;56.0;579;-1.4;67.70;0.06;-0.02;662;3923;194;70.3;51.9;47.766676;-3.504388;24.2;0.0;-42;14;-237;-170;117;-333;-1;0;1;-1;0x0000000000000002;8.0
03/01/2021;15:34:04.430;4.7;72;1.01;15;3.70;11.12;5.1;54.8;581;-1.3;67.60;0.09;-0.01;681;3923;202;69.5;51.6;47.766736;-3.504175;22.9;0.0;-45;-140;-235;-418;117;-335;-1;0;1;-1;0x0000000000000002;8.0
03/01/2021;15:34:05.430;4.7;74;0.92;15;3.70;11.12;5.1;54.6;583;-0.4;66.40;0.06;-0.02;670;3923;209;68.9;50.5;47.766803;-3.503930;25.1;0.0;-55;-361;-237;-513;117;-335;-1;0;1;-1;0x0000000000000002;8.0
03/01/2021;15:34:06.430;4.7;76;0.98;15;3.70;11.10;5.2;54.9;584;0.2;63.30;0.14;-0.02;631;3924;216;69.0;47.7;47.766845;-3.503800;22.9;0.0;-59;-432;-237;-648;117;-333;-1;0;1;-1;0x0000000000000002;8.0
03/01/2021;15:34:07.430;4.7;74;1.01;15;3.70;11.10;5.3;55.7;585;0.9;56.30;0.13;-0.02;568;3923;225;70.1;46.4;47.766905;-3.503650;22.5;0.0;-81;-451;-237;-669;117;-333;-1;0;1;-1;0x0000000000000002;8.0
03/01/2021;15:34:08.430;4.7;76;0.85;15;3.69;11.10;5.3;56.9;587;1.3;46.40;0.16;0.00;473;3923;229;71.1;45.2;47.766961;-3.503545;21.1;0.0;-34;-84;-89;-244;117;-333;-1;0;1;-1;0x0000000000000002;8.0
03/01/2021;15:34:09.430;4.7;74;1.05;15;3.66;10.99;8.3;58.0;589;0.1;40.00;0.25;-0.03;387;3923;233;71.9;47.5;47.767086;-3.503390;19.6;0.0;-8;15;123;6;117;-333;-1;0;1;-1;0x0000000000000002;8.0
03/01/2021;15:34:10.450;4.7;74;1.01;15;3.66;10.99;8.0;58.7;591;1.2;36.10;0.09;-0.02;331;3923;236;72.2;52.6;47.767170;-3.503303;22.5;0.0;-4;17;123;6;117;-333;-1;1;1;-1;0x0000000000000002;8.0
03/01/2021;15:34:11.470;4.7;72;0.84;1215;3.69;11.07;5.6;59.4;593;0.2;17.40;0.07;-0.08;206;3922;239;72.6;54.3;47.767290;-3.503210;25.3;0.0;-7;17;123;6;115;-333;-1;1;1;-1;0x0000000000000002;8.0
03/01/2021;15:34:12.470;4.7;62;0.97;1215;3.69;11.07;5.4;59.5;594;0.4;356.10;0.03;-0.01;3570;3922;239;71.8;56.9;47.767400;-3.503188;26.6;0.0;-8;15;123;6;117;-333;-1;1;1;-1;0x0000000000000002;8.0
03/01/2021;15:34:13.510;4.7;58;1.26;1215;3.69;11.06;5.5;59.1;596;-0.4;343.00;0.01;-0.01;3436;3923;233;69.3;60.8;47.767595;-3.503275;30.3;0.0;-8;15;122;7;149;-333;-1;1;1;-1;0x0000000000000002;8.0
03/01/2021;15:34:14.560;4.7;54;0.98;1215;3.68;11.06;5.7;58.9;597;0.8;313.80;-0.08;-0.02;3083;3923;226;67.6;64.4;47.767668;-3.503370;32.9;0.0;-4;17;125;6;152;-335;-1;1;1;-1;0x0000000000000002;8.0
03/01/2021;15:34:15.590;4.7;70;1.25;1215;3.67;11.03;6.5;57.5;599;0.0;297.70;-0.05;-0.04;2974;3923;203;63.5;71.1;47.767776;-3.503690;36.4;0.0;-4;17;125;7;152;-333;-1;1;1;-1;0x0000000000000002;8.0
03/01/2021;15:34:16.590;4.7;74;1.01;1215;3.65;10.98;7.7;56.0;601;0.8;270.80;-0.01;0.01;2707;3923;181;59.1;75.8;47.767795;-3.503965;41.1;0.0;-4;17;123;7;149;-333;-1;0;1;-1;0x0000000000000002;8.0
03/01/2021;15:34:17.630;4.7;78;0.93;15;3.68;10.97;7.9;53.2;603;-3.2;268.00;-0.14;-0.02;2656;3922;152;53.7;76.6;47.767786;-3.504193;43.1;0.0;-117;-218;-543;4;149;-333;-1;0;1;-1;0x0000000000000002;8.0
03/01/2021;15:34:18.670;4.7;80;1.57;15;3.73;11.20;0.9;46.4;605;-0.9;266.80;-0.32;-0.09;2639;3923;133;49.9;78.3;47.767761;-3.504598;39.0;0.0;-34;-388;-1024;-502;149;-333;-1;0;1;-1;0x0000000000000002;8.0
03/01/2021;15:34:19.680;4.7;84;1.28;15;3.74;11.22;0.9;42.2;605;-2.1;269.00;-0.24;0.02;2686;3922;114;48.0;71.1;47.767756;-3.504868;37.0;0.0;-52;-502;-1024;-562;149;-333;-1;0;1;-1;0x0000000000000002;8.0
03/01/2021;15:34:20.680;4.7;82;0.95;15;3.73;11.19;2.1;38.1;605;-2.0;267.40;-0.05;0.00;2690;3923;97;46.9;66.5;47.767751;-3.505068;34.6;0.0;-34;-618;-374;-652;149;-333;-1;0;1;-1;0x0000000000000002;8.0
03/01/2021;15:34:21.680;4.7;84;1.07;15;3.70;11.12;4.1;35.3;606;-1.8;262.50;-0.02;0.01;2667;3921;73;47.0;62.8;47.767746;-3.505303;28.7;0.0;-96;-528;-429;-712;149;-335;-1;0;1;-1;0x0000000000000002;8.0
03/01/2021;15:34:22.680;4.7;84;0.97;15;3.71;11.14;3.5;32.9;607;-1.7;259.80;0.00;-0.02;2614;3921;58;47.4;59.8;47.767733;-3.505485;27.9;0.0;-119;-540;-463;-818;149;-335;-1;0;1;-1;0x0000000000000002;8.0
03/01/2021;15:34:23.680;4.7;84;0.85;15;3.71;11.14;3.4;32.1;608;-1.8;248.80;-0.02;-0.03;2480;3921;45;48.4;58.1;47.767676;-3.505780;25.9;0.0;-126;-584;-457;-866;149;-333;-1;0;1;-1;0x0000000000000002;8.0
03/01/2021;15:34:24.680;4.7;76;1.00;15;3.71;11.13;3.7;31.6;609;-1.2;237.10;0.06;-0.01;2350;3923;37;48.6;54.6;47.767623;-3.505925;23.3;0.0;-128;14;-300;-40;149;-335;-1;0;1;-1;0x0000000000000002;7.9
03/01/2021;15:34:25.680;4.7;72;0.95;15;3.69;11.08;5.4;31.1;610;-2.8;232.40;0.09;-0.08;2319;3922;36;48.1;52.5;47.767543;-3.506081;25.0;0.0;-72;15;-162;6;149;-333;-1;0;1;-1;0x0000000000000002;7.9
03/01/2021;15:34:26.700;4.7;80;0.99;5;3.68;11.04;5.8;29.8;612;-2.3;227.30;0.08;-0.01;2272;3922;42;46.4;58.2;47.767471;-3.506205;26.6;0.0;-49;14;-157;4;146;-333;-1;-1;1;-1;0x0000000000000002;7.9
03/01/2021;15:34:27.730;4.7;82;1.21;5;3.67;11.01;6.6;30.0;614;0.0;223.80;0.08;-0.02;2232;3923;53;45.5;61.0;47.767325;-3.506425;28.1;0.0;-66;-162;-71;-4;149;-335;-1;-1;1;-1;0x0000000000000002;7.9
03/01/2021;15:34:28.730;4.7;82;1.44;5;3.66;11.00;6.9;31.8;616;3.0;211.50;0.16;-0.03;2103;3923;66;45.8;61.2;47.767228;-3.506560;27.7;0.0;-77;87;33;10;149;-333;-1;-1;1;-1;0x0000000000000002;7.9
03/01/2021;15:34:29.730;4.7;88;0.57;5;3.65;10.96;7.4;34.6;618;0.6;203.80;0.08;-0.02;2032;3924;88;48.2;57.8;47.767096;-3.506631;29.2;0.0;-87;286;35;173;146;-333;-1;-1;1;-1;0x0000000000000002;7.9
03/01/2021;15:34:30.730;4.7;82;0.48;5;3.65;10.96;7.3;33.9;620;-4.3;200.10;0.03;-0.03;1992;3924;103;45.8;61.5;47.766985;-3.506693;32.2;0.0;-88;202;26;9;146;-333;-1;-1;1;-1;0x0000000000000002;7.9
03/01/2021;15:34:31.730;4.7;82;0.89;5;3.65;10.96;7.2;26.8;622;-6.6;195.20;-0.03;0.00;1974;3923;120;40.2;71.8;47.766765;-3.506765;36.8;0.0;-69;-138;29;-168;146;-333;-1;-1;1;-1;0x0000000000000002;7.9
03/01/2021;15:34:32.730;4.7;80;1.71;5;3.65;10.95;7.2;23.9;624;-0.8;188.60;-0.10;-0.06;1904;3924;139;34.3;81.4;47.766573;-3.506858;40.0;0.0;-66;-191;33;-76;146;-335;-1;-1;1;-1;0x0000000000000002;8.0
03/01/2021;15:34:33.730;4.7;82;0.17;5;3.65;10.96;7.1;24.2;626;1.4;181.40;-0.13;-0.05;1795;3923;160;33.0;82.0;47.766410;-3.506876;41.2;0.0;-110;3;26;9;146;-335;-1;-1;1;-1;0x0000000000000002;8.0
03/01/2021;15:34:34.730;4.7;82;1.42;5;3.64;10.95;7.1;23.9;628;4.0;175.60;-0.03;-0.02;1762;3924;188;33.3;77.0;47.766211;-3.506866;39.6;0.0;-45;-174;27;345;146;-333;-1;-1;1;-1;0x0000000000000002;8.0
03/01/2021;15:34:35.750;4.7;82;0.59;15;3.64;10.93;7.5;28.8;630;5.2;173.20;0.01;-0.07;1714;3824;205;38.0;66.6;47.766066;-3.506836;35.1;0.0;-21;17;27;7;146;-335;-1;1;1;-1;0x0000000000000002;8.0
03/01/2021;15:34:36.770;4.7;82;1.13;15;3.64;10.92;7.1;29.0;632;-0.4;179.40;0.00;-0.07;1783;3824;221;40.2;63.9;47.765840;-3.506798;34.8;0.0;-17;-4;27;6;146;-335;-1;0;1;-1;0x0000000000000002;8.0
03/01/2021;15:34:37.790;4.7;80;0.70;15;3.64;10.92;7.3;27.7;634;-1.1;176.70;0.05;0.02;1793;3824;236;40.4;64.5;47.765711;-3.506796;33.3;0.0;-33;-281;30;-465;146;-333;-1;0;1;-1;0x0000000000000002;8.0
03/01/2021;15:34:38.830;4.7;80;1.01;15;3.64;10.92;7.3;26.9;636;-0.1;175.80;0.04;-0.05;1771;3824;260;40.4;64.4;47.765548;-3.506790;32.9;0.0;-56;-600;29;-599;146;-333;-1;0;1;-1;0x0000000000000002;8.0
03/01/2021;15:34:39.860;4.7;78;1.13;15;3.63;10.91;7.4;27.8;639;1.7;167.80;0.09;-0.03;1722;3824;276;41.7;61.0;47.765331;-3.506751;32.2;0.0;-59;-749;38;-604;146;-333;-1;0;1;-1;0x0000000000000002;8.0
03/01/2021;15:34:40.890;4.7;78;0.83;15;3.63;10.90;7.6;29.3;641;1.0;163.10;0.14;-0.05;1622;3824;289;43.7;54.6;47.765223;-3.506710;30.3;0.0;-80;-585;109;-740;146;-333;-1;0;1;-1;0x0000000000000002;8.0
03/01/2021;15:34:41.930;4.7;74;1.24;15;3.62;10.87;8.1;29.9;643;0.3;150.80;0.21;-0.04;1535;3824;307;45.6;52.4;47.765100;-3.506638;26.4;0.0;-74;-734;107;-722;143;-333;-1;0;1;-1;0x0000000000000002;8.0
03/01/2021;15:34:42.970;4.7;70;1.04;15;3.62;10.87;8.1;32.3;646;1.6;138.60;0.19;-0.01;1375;3824;317;47.3;49.5;47.764980;-3.506550;26.1;0.0;-82;-655;109;-678;146;-333;-1;0;1;-1;0x0000000000000002;8.0
03/01/2021;15:34:44.000;4.7;60;1.14;15;3.62;10.86;8.1;33.1;647;1.7;123.80;0.18;-0.03;1263;3925;325;48.6;48.0;47.764933;-3.506415;25.3;0.0;-94;-761;109;-761;143;-335;-1;0;1;-1;0x0000000000000002;8.0
03/01/2021;15:34:45.010;4.7;56;1.02;15;3.61;10.85;8.1;35.8;650;2.4;104.50;0.18;-0.04;1000;3925;328;49.5;46.8;47.764880;-3.506221;24.2;0.0;-119;-792;106;-784;143;-333;-1;0;1;-1;0x0000000000000002;8.0
03/01/2021;15:34:46.010;4.7;60;1.05;15;3.61;10.85;8.1;37.2;651;2.4;89.80;0.17;-0.02;871;3924;330;50.9;47.0;47.764873;-3.506116;25.1;0.0;-117;-751;110;-620;143;-333;-1;0;1;-1;0x0000000000000002;8.0
03/01/2021;15:34:47.010;4.7;60;1.08;15;3.61;10.85;8.1;38.9;654;1.6;66.20;0.18;-0.03;650;3925;328;51.1;47.7;47.764916;-3.505880;25.0;0.0;-135;-755;107;-670;143;-333;-1;0;1;-1;0x0000000000000002;8.0
03/01/2021;15:34:48.010;4.7;52;1.32;15;3.61;10.85;8.1;39.2;655;1.6;55.90;0.14;-0.06;550;3924;325;50.8;49.4;47.764955;-3.505786;26.1;0.0;-117;17;109;3;143;-335;-1;0;1;-1;0x0000000000000002;8.0
03/01/2021;15:34:49.030;4.7;46;1.32;15;3.61;10.84;8.0;39.5;657;-0.9;55.90;0.14;-0.06;550;3924;321;50.3;51.5;47.765028;-3.505675;28.1;0.0;-88;-63;106;-191;146;-335;-1;0;1;-1;0x0000000000000012;8.0
03/01/2021;15:34:50.030;4.7;54;0.99;15;3.61;10.84;7.8;36.2;660;-0.9;43.60;0.06;-0.04;392;3925;307;47.3;61.9;47.765191;-3.505468;35.3;0.0;-82;-426;109;39;143;-335;-1;0;1;-1;0x0000000000000002;8.0
03/01/2021;15:34:51.070;4.7;58;1.31;15;3.61;10.84;7.8;33.4;662;-0.7;29.30;-0.01;-0.02;279;3824;281;40.4;67.4;47.765336;-3.505370;37.0;0.0;-21;-620;110;417;143;-335;-1;0;1;-1;0x0000000000000002;8.0
03/01/2021;15:34:52.070;4.7;58;1.24;15;3.61;10.84;7.7;31.5;665;0.6;27.20;-0.02;-0.03;241;3823;272;39.8;70.0;47.765526;-3.505213;36.6;0.0;-18;-585;97;378;143;-335;-1;0;1;-1;0x0000000000000002;8.0
03/01/2021;15:34:53.070;4.7;60;0.48;15;3.61;10.85;7.3;29.6;668;-0.1;22.70;-0.02;0.01;234;3823;254;39.4;69.8;47.765753;-3.505090;39.8;0.0;-4;-649;39;665;146;-335;-1;0;1;-1;0x0000000000000002;8.0
03/01/2021;15:34:54.070;4.7;54;0.99;15;3.61;10.85;7.2;28.7;669;-1.6;23.00;-0.02;0.00;245;3823;237;39.3;68.7;47.765846;-3.505028;38.7;0.0;-2;-545;85;634;143;-333;-1;0;1;-1;0x0000000000000002;8.0
03/01/2021;15:34:55.070;4.7;54;1.06;15;3.61;10.84;7.5;26.7;670;-2.5;26.40;0.02;-0.05;251;3823;237;39.0;68.5;47.765940;-3.504965;39.2;0.0;-4;-475;82;751;143;-335;-1;0;1;-1;0x0000000000000002;8.0
03/01/2021;15:34:56.100;4.7;52;1.06;15;3.61;10.84;7.5;26.7;670;-2.5;26.40;0.02;-0.05;251;3823;229;38.1;68.5;47.765940;-3.504965;39.2;0.0;-2;-508;88;720;143;-333;-1;0;1;-1;0x0000000000000002;8.0
03/01/2021;15:34:57.160;4.7;28;1.06;15;3.61;10.83;7.5;26.7;670;-2.5;26.40;0.02;-0.05;251;3823;229;38.1;67.6;47.765940;-3.504965;37.4;0.0;-4;-403;148;398;143;-333;-1;0;1;-1;0x0000000000000012;8.0
03/01/2021;15:34:58.200;4.7;54;1.06;15;3.61;10.83;7.6;22.8;675;-2.5;26.40;0.02;-0.05;251;3823;229;38.1;67.6;47.766370;-3.504573;37.4;0.0;-7;-656;148;20;143;-333;-1;0;1;-1;0x0000000000000002;8.0
03/01/2021;15:34:59.220;4.7;56;1.44;15;3.59;10.78;8.2;20.7;680;0.9;42.30;0.12;-0.04;422;3923;205;36.8;64.5;47.766545;-3.504351;33.7;0.0;-5;-883;185;6;143;-333;-1;0;1;-1;0x0000000000000000;8.0
03/01/2021;15:35:00.220;4.7;62;0.59;15;3.59;10.78;8.6;22.6;682;3.3;42.50;0.13;0.00;424;3924;204;41.5;54.5;47.766636;-3.504230;31.1;0.0;-10;-959;182;-507;143;-333;-1;0;1;-1;0x0000000000000000;8.0
03/01/2021;15:35:01.220;4.7;60;0.95;15;3.59;10.77;8.7;27.6;685;4.1;38.60;0.24;-0.02;389;3924;205;43.9;50.9;47.766755;-3.504075;27.4;0.0;-5;-981;179;-675;143;-333;-1;0;1;-1;0x0000000000000000;8.0
03/01/2021;15:35:02.220;4.7;58;0.91;15;3.58;10.76;8.7;33.2;688;3.9;35.50;0.28;-0.01;339;3924;206;49.3;38.8;47.766808;-3.503996;20.9;0.0;-10;-978;179;-686;143;-333;-1;0;1;-1;0x0000000000000000;8.0
03/01/2021;15:35:03.220;4.7;52;1.00;15;3.58;10.75;8.8;35.6;688;3.2;26.00;0.33;-0.04;266;3924;205;52.3;36.7;47.766875;-3.503955;18.5;0.0;-11;-980;179;-691;143;-333;-1;0;1;-1;0x0000000000000000;8.0
03/01/2021;15:35:04.270;4.7;50;0.84;15;3.58;10.75;8.8;35.6;690;2.6;12.70;0.40;-0.04;142;3924;205;52.3;36.7;47.766926;-3.503918;18.5;0.0;-10;-956;179;-307;143;-335;-1;0;1;-1;0x0000000000000000;8.0
03/01/2021;15:35:05.270;4.7;70;1.06;15;3.58;10.73;8.7;42.6;694;2.7;336.50;0.40;-0.04;3360;3925;193;57.2;37.6;47.767085;-3.503935;19.8;0.0;-7;-858;170;304;143;-335;-1;0;1;-1;0x0000000000000000;8.0
03/01/2021;15:35:06.270;4.7;70;0.99;15;3.58;10.73;8.7;45.5;698;2.3;316.20;0.33;-0.01;3175;3925;182;58.9;39.4;47.767221;-3.504088;19.6;0.0;-40;-673;173;392;146;-333;-1;0;1;-1;0x0000000000000000;8.0
03/01/2021;15:35:07.270;4.7;72;0.89;15;3.57;10.74;8.6;47.0;701;2.2;309.40;0.31;-0.02;3079;3925;172;59.7;42.8;47.767276;-3.504183;19.0;0.0;-45;-676;170;303;143;-335;-1;0;1;-1;0x0000000000000000;8.0
03/01/2021;15:35:08.270;4.7;74;0.93;15;3.58;10.74;8.5;47.8;703;-0.2;300.90;0.18;-0.01;3054;3925;156;60.4;44.9;47.767343;-3.504316;21.1;0.0;-72;-147;32;-150;143;-335;-1;0;1;-1;0x0000000000000000;8.0
03/01/2021;15:35:09.270;4.7;72;0.58;15;3.66;10.86;4.3;46.6;704;-0.9;299.60;-0.10;0.01;2988;3925;143;57.9;53.2;47.767395;-3.504441;24.0;0.0;2;-179;-1024;-234;143;-335;-1;0;1;-1;0x0000000000000002;8.0
03/01/2021;15:35:10.270;4.7;70;1.05;15;3.66;11.01;0.9;42.8;705;-2.6;301.30;-0.10;-0.01;2981;3925;131;55.5;51.6;47.767480;-3.504615;25.3;0.0;-2;-359;-1024;-724;140;-335;-1;0;1;-1;0x0000000000000002;8.0
03/01/2021;15:35:11.270;4.7;72;0.94;15;3.67;11.02;0.9;39.8;705;-2.5;290.80;-0.10;-0.02;2912;3924;117;52.7;51.7;47.767521;-3.504861;23.5;0.0;-8;-391;-1024;-706;140;-335;-1;0;1;-1;0x0000000000000002;8.0
03/01/2021;15:35:12.270;4.7;70;1.14;15;3.67;11.03;0.9;36.7;705;-2.7;285.40;-0.06;-0.03;2857;3924;105;50.4;51.4;47.767563;-3.505008;22.4;0.0;-13;-430;-944;-618;140;-335;-1;0;1;-1;0x0000000000000002;8.0
03/01/2021;15:35:13.270;4.7;70;1.07;15;3.68;11.04;0.9;33.8;706;-2.0;282.80;-0.06;0.00;2815;3923;91;48.0;51.8;47.767593;-3.505195;22.5;0.0;-5;-504;-944;-677;140;-333;-1;0;1;-1;0x0000000000000002;8.0
03/01/2021;15:35:14.270;4.7;76;1.04;15;3.68;11.04;0.9;32.1;706;-1.7;281.10;-0.06;-0.02;2792;3923;73;46.1;50.0;47.767606;-3.505308;22.7;0.0;-26;-521;-689;-682;140;-333;-1;0;1;-1;0x0000000000000002;8.0
03/01/2021;15:35:15.270;4.7;70;1.07;15;3.67;11.01;2.3;30.5;706;-0.6;268.90;0.01;0.02;2705;3923;58;45.6;49.8;47.767621;-3.505568;21.1;0.0;-11;-495;-597;-580;140;-335;-1;0;1;-1;0x0000000000000002;8.0
03/01/2021;15:35:16.270;4.7;74;0.89;15;3.67;11.03;2.0;29.6;707;-1.2;262.90;-0.07;-0.03;2634;3923;52;45.4;47.3;47.767613;-3.505746;19.8;0.0;-33;-463;-1024;-591;140;-333;-1;0;1;-1;0x0000000000000002;8.0
03/01/2021;15:35:17.270;4.7;74;1.01;15;3.68;11.03;2.3;27.6;708;-2.0;261.20;-0.05;-0.04;2589;3821;40;43.7;44.5;47.767601;-3.505845;20.7;0.0;-2;-539;-299;-636;140;-333;-1;0;1;-1;0x0000000000000002;8.0
03/01/2021;15:35:18.270;4.7;74;0.84;15;3.64;10.93;5.3;27.6;709;-0.2;251.40;0.13;-0.01;2508;3821;34;43.0;47.0;47.767545;-3.506041;20.9;0.0;7;-527;-227;-706;140;-335;-1;0;1;-1;0x0000000000000002;8.0
03/01/2021;15:35:19.270;4.7;86;0.90;15;3.64;10.92;5.2;27.9;710;0.0;233.70;0.13;-0.03;2348;3924;36;42.9;48.2;47.767485;-3.506261;20.0;0.0;-4;-587;-229;-615;140;-335;-1;0;1;-1;0x0000000000000002;8.0
03/01/2021;15:35:20.320;4.7;88;1.03;15;3.64;10.92;5.0;28.3;712;0.2;223.20;0.12;0.03;2222;3925;43;42.8;49.1;47.767420;-3.506370;21.1;0.0;-8;-600;-272;-524;140;-335;-1;0;1;-1;0x0000000000000002;8.0
03/01/2021;15:35:21.320;4.7;88;1.08;15;3.63;10.91;5.0;28.8;713;0.5;212.80;0.13;-0.02;2123;3924;59;42.5;49.8;47.767321;-3.506480;19.8;0.0;-1;-677;-200;-174;132;-333;-1;0;1;-1;0x0000000000000002;8.0
03/01/2021;15:35:22.320;4.7;92;1.47;15;3.62;10.89;5.9;30.5;715;1.7;203.10;0.21;0.00;2016;3924;72;42.9;49.4;47.767231;-3.506545;22.9;0.0;38;-760;-154;242;129;-333;-1;0;1;-1;0x0000000000000002;8.0
03/01/2021;15:35:23.320;4.7;84;1.04;15;3.62;10.87;6.2;31.8;716;2.1;194.60;0.15;-0.01;1938;3824;84;44.1;47.7;47.767070;-3.506618;22.0;0.0;64;-871;-101;332;129;-335;-1;0;1;-1;0x0000000000000002;8.0
03/01/2021;15:35:24.320;4.7;76;1.30;15;3.61;10.85;6.4;33.5;718;2.0;189.90;0.24;-0.02;1890;3925;96;45.4;44.1;47.766981;-3.506643;21.6;0.0;55;-883;-105;573;129;-333;-1;0;1;-1;0x0000000000000002;8.0
03/01/2021;15:35:25.320;4.7;80;0.86;15;3.61;10.85;6.4;34.8;720;2.1;190.40;0.21;-0.02;1881;3926;111;48.1;41.9;47.766878;-3.506665;20.7;0.0;4;-576;-105;-30;129;-333;-1;0;1;-1;0x0000000000000002;8.0
03/01/2021;15:35:26.320;4.7;84;1.12;15;3.61;10.84;6.3;35.6;721;1.1;182.60;0.28;-0.01;1863;3926;121;49.4;40.6;47.766798;-3.506683;22.2;0.0;-2;-897;-106;-337;129;-333;-1;0;1;-1;0x0000000000000002;8.0
03/01/2021;15:35:27.320;4.7;84;0.89;15;3.61;10.84;6.3;38.4;724;2.5;177.00;0.25;0.00;1774;3926;131;51.3;38.1;47.766661;-3.506680;21.6;0.0;-4;-828;-108;-487;126;-333;-1;0;1;-1;0x0000000000000002;8.0
03/01/2021;15:35:28.320;4.7;84;1.15;15;3.61;10.83;6.4;40.0;725;1.7;157.10;0.26;-0.02;1627;3926;140;53.8;35.6;47.766573;-3.506650;20.1;0.0;-4;-930;-98;-210;126;-335;-1;0;1;-1;0x0000000000000002;8.0
03/01/2021;15:35:29.320;4.7;84;1.07;15;3.59;10.79;7.6;41.7;727;2.5;154.50;0.37;-0.02;1502;3926;147;55.4;35.4;47.766510;-3.506605;22.4;0.0;10;-1024;103;20;126;-335;-1;0;1;-1;0x0000000000000000;8.0
03/01/2021;15:35:30.320;4.7;80;0.86;15;3.58;10.76;8.2;44.1;729;3.0;147.50;0.36;-0.03;1447;3926;157;59.4;31.1;47.766441;-3.506536;20.3;0.0;0;15;117;7;126;-333;-1;0;1;-1;0x0000000000000000;8.0
03/01/2021;15:35:31.320;4.7;76;1.09;15;3.57;10.71;9.4;46.1;732;0.5;137.10;0.38;-0.04;1368;3926;162;60.8;36.1;47.766393;-3.506476;19.0;0.0;60;-784;275;356;126;-333;-1;0;1;-1;0x0000000000000000;8.0
03/01/2021;15:35:32.320;4.7;74;1.04;15;3.57;10.71;9.1;48.1;735;2.9;133.10;0.36;-0.02;1310;3926;168;62.1;40.2;47.766301;-3.506330;22.7;0.0;-1;-633;153;409;126;-333;-1;0;1;-1;0x0000000000000000;8.0
03/01/2021;15:35:33.320;4.7;74;0.67;15;3.59;10.80;6.1;50.2;737;0.9;127.50;0.14;-0.02;1277;3926;175;64.3;41.0;47.766250;-3.506236;20.1;0.0;-56;14;-202;10;123;-333;-1;0;1;-1;0x0000000000000000;8.0
03/01/2021;15:35:34.320;4.7;72;0.87;15;3.61;10.83;5.4;50.4;738;-0.4;122.40;0.13;-0.03;1233;3925;185;65.0;43.2;47.766188;-3.506108;19.0;0.0;-7;12;-192;109;126;-333;-1;0;1;-1;0x0000000000000002;8.0
03/01/2021;15:35:35.320;4.7;74;0.62;15;3.61;10.84;5.4;50.3;739;-0.7;122.60;0.09;-0.03;1207;3925;192;64.5;47.8;47.766140;-3.505993;20.9;0.0;-4;14;-189;7;112;-333;-1;0;1;-1;0x0000000000000002;8.0
03/01/2021;15:35:36.370;4.7;74;1.07;15;3.61;10.83;5.3;49.3;741;-1.1;115.20;0.08;-0.04;1155;3924;199;63.7;50.4;47.766058;-3.505770;22.9;0.0;-7;-87;-187;264;17;-335;-1;0;1;-1;0x0000000000000002;8.0
03/01/2021;15:35:37.370;4.7;74;1.11;15;3.61;10.83;5.2;48.5;743;-1.2;115.40;0.04;-0.01;1139;3924;207;62.6;52.1;47.766005;-3.505595;24.8;0.0;-37;-114;-187;76;14;-333;-1;0;1;-1;0x0000000000000002;8.0
03/01/2021;15:35:38.370;4.7;72;1.42;15;3.61;10.82;5.6;47.6;744;-0.8;111.80;0.11;-0.03;1098;3924;220;61.3;52.8;47.765965;-3.505450;27.5;0.0;-5;-320;22;117;14;-333;-1;0;1;-1;0x0000000000000002;8.0
03/01/2021;15:35:39.370;4.7;70;1.09;15;3.58;10.76;7.2;47.3;746;-0.2;107.80;0.11;-0.02;1083;3925;228;61.0;54.3;47.765921;-3.505261;29.0;0.0;-20;-563;16;1;14;-333;-1;0;1;-1;0x0000000000000000;8.0
03/01/2021;15:35:40.370;4.7;68;1.02;15;3.58;10.76;7.2;48.2;748;1.3;104.10;0.13;0.00;1032;3925;233;61.4;54.5;47.765886;-3.505068;28.5;0.0;44;-483;17;739;14;-333;-1;0;1;-1;0x0000000000000000;8.0
03/01/2021;15:35:41.370;4.7;68;1.01;15;3.58;10.75;7.2;49.5;751;1.0;107.10;0.14;0.00;1052;3925;245;63.2;52.6;47.765866;-3.504951;26.2;0.0;54;-527;17;789;14;-335;-1;0;1;-1;0x0000000000000000;8.0
03/01/2021;15:35:42.370;4.7;68;0.98;15;3.58;10.75;7.2;50.3;752;1.3;116.40;0.13;-0.02;1169;3925;251;64.0;51.9;47.765803;-3.504698;25.7;0.0;63;-530;19;883;14;-333;-1;0;1;-1;0x0000000000000000;8.0
03/01/2021;15:35:43.370;4.7;68;1.05;15;3.58;10.74;7.2;52.1;754;1.3;123.80;0.13;-0.04;1234;3925;267;66.2;50.5;47.765715;-3.504516;24.4;0.0;78;-636;19;877;14;-333;-1;0;1;-1;0x0000000000000000;8.0
03/01/2021;15:35:44.370;4.7;68;1.17;15;3.58;10.74;7.2;53.1;756;1.7;149.80;0.17;-0.03;1516;3924;284;68.1;50.2;47.765655;-3.504450;22.5;0.0;70;-828;16;766;14;-335;-1;0;1;-1;0x0000000000000000;8.0
03/01/2021;15:35:45.370;4.7;62;0.80;15;3.57;10.73;7.2;56.0;758;2.8;175.50;0.19;-0.02;1791;3925;292;69.1;49.2;47.765513;-3.504386;22.5;0.0;55;-798;16;820;14;-333;-1;0;1;-1;0x0000000000000000;8.0
03/01/2021;15:35:46.370;4.7;56;1.22;15;3.57;10.72;7.3;57.5;759;2.8;190.20;0.22;-0.02;1912;3925;306;70.9;49.8;47.765416;-3.504400;22.4;0.0;68;-798;10;816;14;-333;-1;0;1;-1;0x0000000000000000;8.0
03/01/2021;15:35:47.370;4.7;62;1.00;15;3.57;10.73;7.0;60.7;762;3.5;222.10;0.15;-0.01;2204;3926;312;71.8;50.9;47.765285;-3.504506;22.4;0.0;47;-772;-60;870;14;-333;-1;0;1;-1;0x0000000000000000;8.0
03/01/2021;15:35:48.370;4.7;58;1.28;15;3.58;10.75;6.3;62.9;764;2.9;238.60;0.16;-0.02;2389;3926;317;72.0;54.0;47.765198;-3.504596;22.4;0.0;31;-847;-101;870;14;-333;-1;0;1;-1;0x0000000000000000;8.0
03/01/2021;15:35:49.370;4.7;56;0.96;15;3.59;10.77;5.9;63.3;765;2.4;268.90;0.07;0.00;2674;3925;314;70.3;55.4;47.765181;-3.504825;22.2;0.0;15;-754;-299;778;14;-333;-1;0;1;-1;0x0000000000000000;8.0
03/01/2021;15:35:50.370;4.7;52;0.96;15;3.60;10.80;4.7;63.4;766;2.4;268.90;0.07;0.00;2674;3925;314;70.3;56.4;47.765185;-3.504825;23.1;0.0;34;-78;-431;236;14;-333;-1;0;1;-1;0x0000000000000000;8.0
03/01/2021;15:35:51.410;4.7;50;0.96;15;3.60;10.80;4.7;63.4;766;1.8;278.90;0.00;0.00;2798;3925;314;70.3;56.4;47.765185;-3.504990;23.1;0.0;45;-406;-465;390;14;-335;-1;0;1;-1;0x0000000000000000;8.0
03/01/2021;15:35:52.420;4.7;52;0.98;15;3.60;10.80;4.7;63.4;766;1.8;278.90;0.00;-0.04;2798;3925;303;70.3;56.4;47.765185;-3.504990;23.1;0.0;37;-293;-662;153;14;-335;-1;0;1;-1;0x0000000000000000;8.0
03/01/2021;15:35:53.420;4.7;52;0.98;15;3.63;10.90;2.3;50.3;769;1.8;278.90;0.00;-0.04;2798;3925;303;63.6;64.2;47.765185;-3.504990;31.4;0.0;77;-545;-775;409;14;-333;-1;0;1;-1;0x0000000000000002;8.0
03/01/2021;15:35:54.420;4.7;54;1.00;15;3.64;10.93;1.5;46.4;770;-1.6;314.60;-0.15;-0.01;3156;3926;266;54.6;64.2;47.765518;-3.505805;32.7;0.0;94;-335;-893;48;14;-333;-1;0;1;-1;0x0000000000000002;8.0
03/01/2021;15:35:55.420;4.7;60;0.88;15;3.65;10.97;0.9;40.8;770;-2.6;325.10;-0.17;-0.06;3212;3926;245;52.0;59.4;47.765683;-3.506003;30.3;0.0;196;-204;-1024;-337;14;-333;-1;0;1;-1;0x0000000000000002;8.0
03/01/2021;15:35:56.420;4.7;62;0.83;15;3.66;10.98;0.9;38.0;770;-3.5;330.80;-0.16;-0.04;3312;3925;227;49.1;56.5;47.765758;-3.506068;27.5;0.0;191;-204;-1024;-576;14;-333;-1;0;1;-1;0x0000000000000002;8.0
03/01/2021;15:35:57.420;4.7;64;1.08;15;3.66;10.99;0.9;32.6;771;-4.1;339.20;-0.12;-0.02;3388;3926;218;47.7;55.3;47.765910;-3.506170;25.7;0.0;186;-174;-1024;-620;14;-335;-1;0;1;-1;0x0000000000000002;8.0
03/01/2021;15:35:58.420;4.7;66;0.98;15;3.66;10.99;0.9;28.0;771;-3.7;343.10;-0.11;0.00;3441;3925;199;45.0;55.4;47.766068;-3.506243;24.2;0.0;118;-161;-1024;-685;14;-333;-1;0;1;-1;0x0000000000000002;8.0
03/01/2021;15:35:59.420;4.7;66;1.15;15;3.66;11.00;0.9;26.1;771;-3.5;349.40;-0.11;0.00;3492;3925;181;42.5;54.3;47.766148;-3.506276;26.1;0.0;98;-126;-769;-594;14;-333;-1;0;1;-1;0x0000000000000002;8.0
03/01/2021;15:36:00.420;4.7;66;0.97;15;3.65;10.97;1.9;23.0;772;-3.2;354.60;-0.08;-0.02;3556;3925;171;41.4;51.8;47.766330;-3.506303;25.5;0.0;78;394;-697;-435;14;-333;-1;0;1;-1;0x0000000000000002;8.0
03/01/2021;15:36:01.420;4.7;66;1.18;15;3.65;10.96;1.8;21.6;772;-3.7;354.70;-0.01;-0.04;3553;3924;153;39.0;50.7;47.766406;-3.506313;24.4;0.0;84;156;-684;-384;14;-333;-1;0;1;-1;0x0000000000000002;8.0
03/01/2021;15:36:02.420;4.7;68;0.95;15;3.65;10.97;2.0;19.4;773;-3.1;359.30;-0.04;-0.04;3596;3924;145;38.1;50.3;47.766558;-3.506323;24.2;0.0;81;348;-689;-332;14;-333;-1;0;1;-1;0x0000000000000002;8.0
03/01/2021;15:36:03.420;4.7;70;1.29;15;3.63;10.89;4.4;17.1;774;-1.7;5.80;0.03;0.01;34;3925;127;35.5;50.8;47.766708;-3.506320;24.0;0.0;61;7;-264;-285;14;-333;-1;0;1;-1;0x0000000000000002;8.0
03/01/2021;15:36:04.420;4.7;72;1.03;15;3.62;10.87;4.9;17.3;775;0.0;6.30;0.08;0.00;77;3925;114;34.5;52.0;47.766838;-3.506300;24.0;0.0;0;-28;-262;-516;37;-333;-1;0;1;-1;0x0000000000000002;8.0
03/01/2021;15:36:05.420;4.7;74;0.86;15;3.62;10.86;4.9;18.4;776;0.5;6.10;0.07;0.00;89;3925;94;35.5;53.2;47.766943;-3.506278;22.9;0.0;20;14;-261;-374;54;-333;-1;0;1;-1;0x0000000000000002;8.0
03/01/2021;15:36:06.420;4.7;76;1.16;15;3.61;10.83;5.8;19.9;778;0.4;10.40;0.07;-0.07;96;3925;81;36.1;53.6;47.767075;-3.506246;24.4;0.0;83;12;-127;12;74;-333;-1;0;1;-1;0x0000000000000002;8.0
03/01/2021;15:36:07.420;4.7;76;0.95;15;3.60;10.80;6.0;21.0;780;0.0;16.30;0.07;0.04;115;3925;68;37.0;53.2;47.767231;-3.506193;27.7;0.0;113;-347;-130;739;74;-333;-1;0;1;-1;0x0000000000000000;8.0
03/01/2021;15:36:08.420;4.7;76;1.11;15;3.60;10.80;6.0;22.0;781;1.2;26.30;0.12;0.00;266;3925;56;37.1;52.6;47.767355;-3.506136;25.1;0.0;137;-551;-132;903;74;-333;-1;0;1;-1;0x0000000000000000;8.0
03/01/2021;15:36:09.420;4.7;70;0.78;15;3.60;10.80;5.9;23.8;783;2.1;51.30;0.12;-0.03;482;3924;45;38.1;52.3;47.767440;-3.506018;23.8;0.0;150;-646;-136;972;74;-333;-1;0;1;-1;0x0000000000000000;8.0
03/01/2021;15:36:10.420;4.7;80;1.00;15;3.59;10.79;5.9;25.7;784;2.1;72.80;0.12;-0.03;699;3926;48;38.9;53.3;47.767506;-3.505883;22.7;0.0;146;-673;-136;895;74;-333;-1;0;1;-1;0x0000000000000000;8.0
03/01/2021;15:36:11.420;4.7;86;1.35;15;3.60;10.79;5.6;28.2;786;2.6;98.50;0.06;-0.04;938;3926;58;39.0;53.3;47.767510;-3.505610;25.0;0.0;130;-664;-149;376;74;-333;-1;0;1;-1;0x0000000000000000;8.0
03/01/2021;15:36:12.420;4.7;86;0.68;15;3.59;10.79;5.8;29.1;788;0.3;113.30;0.04;0.00;1188;3926;71;38.8;53.6;47.767465;-3.505466;28.3;0.0;126;-70;-149;170;74;-333;-1;0;1;-1;0x0000000000000000;8.0
03/01/2021;15:36:13.420;4.7;86;1.00;15;3.59;10.78;5.8;27.9;789;0.6;125.80;0.00;-0.03;1250;3925;85;36.8;57.9;47.767390;-3.505288;30.0;0.0;126;-224;-151;-304;74;-333;-1;0;1;-1;0x0000000000000000;8.0
03/01/2021;15:36:14.420;4.7;80;0.92;15;3.59;10.79;5.7;26.7;791;-0.5;126.90;-0.03;-0.01;1298;3925;108;34.0;62.2;47.767315;-3.505145;33.7;0.0;124;-164;-149;-89;74;-333;-1;0;1;-1;0x0000000000000000;8.0
03/01/2021;15:36:15.420;4.7;84;1.03;15;3.59;10.78;5.7;22.7;792;-1.4;132.90;0.00;-0.03;1328;3925;124;31.8;65.6;47.767210;-3.504968;32.4;0.0;123;-233;-149;9;74;-333;-1;0;1;-1;0x0000000000000000;8.0
03/01/2021;15:36:16.420;4.7;82;1.06;15;3.59;10.77;5.7;20.5;794;-0.8;140.10;-0.03;-0.01;1389;3925;140;29.8;67.3;47.767040;-3.504736;34.0;0.0;127;-377;-151;451;71;-333;-1;0;1;-1;0x0000000000000000;8.0
03/01/2021;15:36:17.420;4.7;78;1.20;15;3.59;10.77;5.7;18.2;796;-0.6;147.60;-0.04;-0.01;1473;3925;157;28.7;67.2;47.766930;-3.504620;33.7;0.0;128;-530;-149;592;71;-333;-1;0;1;-1;0x0000000000000000;8.0
03/01/2021;15:36:18.420;4.7;76;1.04;15;3.58;10.77;5.7;16.8;797;-0.5;155.00;0.01;0.04;1580;3925;180;27.9;66.6;47.766811;-3.504510;35.1;0.0;128;-531;-149;631;74;-335;-1;0;1;-1;0x0000000000000000;8.0
03/01/2021;15:36:19.420;4.7;74;1.06;15;3.58;10.76;5.7;15.6;799;0.1;168.00;-0.01;-0.02;1667;3926;193;27.6;64.0;47.766656;-3.504453;33.1;0.0;128;-508;-151;544;71;-335;-1;0;1;-1;0x0000000000000000;8.0
03/01/2021;15:36:20.420;4.7;72;1.06;15;3.58;10.75;6.1;14.6;801;-0.3;178.00;0.00;-0.01;1795;3926;206;27.8;62.3;47.766436;-3.504435;34.6;0.0;121;-691;-97;636;74;-335;-1;0;1;-1;0x0000000000000000;8.0
03/01/2021;15:36:21.420;4.7;66;1.46;15;3.58;10.73;6.2;15.0;803;2.2;188.50;0.05;-0.04;1864;3926;216;27.9;60.1;47.766316;-3.504475;29.8;0.0;146;-874;-98;691;71;-335;-1;0;1;-1;0x0000000000000000;8.0
03/01/2021;15:36:22.420;4.7;70;1.04;15;3.57;10.74;6.2;16.1;804;2.7;205.10;0.09;-0.03;2074;3926;226;30.6;56.4;47.766236;-3.504505;27.9;0.0;160;-873;-101;844;71;-333;-1;0;1;-1;0x0000000000000000;8.0
03/01/2021;15:36:23.420;4.7;68;1.25;15;3.57;10.73;6.3;18.7;806;3.4;235.10;0.12;0.02;2337;3926;228;31.8;51.9;47.766095;-3.504676;26.1;0.0;168;-915;-108;830;71;-335;-1;0;1;-1;0x0000000000000000;8.0
03/01/2021;15:36:24.420;4.7;62;0.71;15;3.57;10.74;5.8;22.4;807;3.7;246.20;0.16;0.00;2513;3926;227;35.7;48.4;47.766063;-3.504776;23.5;0.0;173;-757;-168;737;71;-333;-1;0;1;-1;0x0000000000000000;8.0
03/01/2021;15:36:25.420;4.7;56;0.36;15;3.58;10.76;5.3;23.1;809;2.5;262.60;0.10;0.03;2627;3926;224;36.9;48.4;47.766050;-3.504883;22.2;0.0;167;-734;-299;689;71;-333;-1;0;1;-1;0x0000000000000000;8.0
03/01/2021;15:36:26.420;4.7;58;1.07;15;3.59;10.78;4.6;23.0;810;0.3;288.10;0.12;-0.01;2866;3925;218;36.9;49.2;47.766066;-3.505133;22.2;0.0;164;-602;-297;528;71;-333;-1;0;1;-1;0x0000000000000000;8.0
03/01/2021;15:36:27.420;4.7;66;0.61;15;3.59;10.78;4.5;22.9;812;-1.4;300.00;0.03;-0.04;2991;3926;204;36.6;50.7;47.766148;-3.505365;24.2;0.0;157;12;-383;7;71;-333;-1;0;1;-1;0x0000000000000000;8.0
03/01/2021;15:36:28.420;4.7;64;1.03;15;3.60;10.82;4.0;21.3;812;-2.7;305.30;-0.01;-0.02;3076;3924;189;33.5;54.3;47.766195;-3.505458;26.6;0.0;183;-228;-426;401;69;-335;-1;0;1;-1;0x0000000000000002;8.0
03/01/2021;15:36:29.420;4.7;66;1.22;15;3.60;10.82;3.6;17.6;814;-2.0;314.30;-0.04;-0.02;3144;3926;181;31.5;56.8;47.766301;-3.505646;27.4;0.0;167;-468;-492;633;69;-333;-1;0;1;-1;0x0000000000000002;8.0
03/01/2021;15:36:30.420;4.7;72;1.23;15;3.61;10.84;3.0;15.3;815;-0.9;324.90;-0.06;-0.01;3249;3925;163;29.0;58.2;47.766435;-3.505818;28.1;0.0;146;-424;-570;142;69;-333;-1;0;1;-1;0x0000000000000002;8.0
03/01/2021;15:36:31.420;4.7;70;0.82;15;3.63;10.91;1.1;14.0;815;-1.2;330.20;-0.13;0.00;3297;3925;149;28.0;57.2;47.766555;-3.505933;27.4;0.0;124;-296;-1024;-505;69;-333;-1;0;1;-1;0x0000000000000002;8.0
03/01/2021;15:36:32.420;4.7;72;1.01;15;3.64;10.92;0.9;12.1;816;-1.8;336.60;-0.11;-0.01;3382;3925;129;26.3;53.4;47.766653;-3.506003;27.7;0.0;85;-183;-1024;-730;69;-333;-1;0;1;-1;0x0000000000000002;8.0
03/01/2021;15:36:33.420;4.7;72;0.93;15;3.64;10.93;0.9;9.8;816;-2.9;337.90;-0.09;0.02;3388;3925;116;24.7;50.9;47.766775;-3.506073;23.3;0.0;64;-109;-1024;-395;69;-333;-1;0;1;-1;0x0000000000000002;8.0
03/01/2021;15:36:34.420;4.7;72;1.41;15;3.64;10.93;0.9;6.1;816;-2.6;347.90;-0.03;-0.06;3471;3925;103;22.5;50.0;47.766943;-3.506143;25.1;0.0;50;-323;-869;4;71;-333;-1;0;1;-1;0x0000000000000002;8.0
03/01/2021;15:36:35.420;4.7;72;1.22;15;3.63;10.88;2.8;4.8;817;-0.6;356.70;-0.03;-0.05;3534;3925;91;21.4;49.2;47.767040;-3.506166;23.7;0.0;24;-444;-452;-780;66;-333;-1;0;1;-1;0x0000000000000002;8.0
03/01/2021;15:36:36.420;4.7;74;0.97;15;3.62;10.87;2.9;4.8;817;-0.3;358.50;0.00;-0.04;3572;3926;79;21.4;47.9;47.767161;-3.506175;21.8;0.0;-18;-430;-735;-876;63;-333;-1;0;1;-1;0x0000000000000002;8.0
03/01/2021;15:36:37.420;4.7;74;1.24;15;3.64;10.92;1.6;4.9;818;-0.6;350.30;0.03;-0.03;3577;3926;61;21.9;44.9;47.767255;-3.506180;22.4;0.0;-4;-555;-813;-607;60;-333;-1;0;1;-1;0x0000000000000002;8.0
03/01/2021;15:36:38.420;4.7;78;0.86;15;3.63;10.91;1.9;4.4;819;-1.3;349.50;0.03;-0.01;3492;3926;50;21.9;41.9;47.767341;-3.506205;19.0;0.0;-2;-685;-691;-980;63;-333;-1;0;1;-1;0x0000000000000002;8.0
03/01/2021;15:36:39.420;4.7;80;0.95;15;3.63;10.91;1.9;4.3;819;-0.2;338.50;0.07;-0.01;3410;3926;40;21.8;39.6;47.767481;-3.506245;22.2;0.0;-1;-578;-700;-640;60;-335;-1;0;1;-1;0x0000000000000002;8.0
03/01/2021;15:36:40.420;4.7;82;1.19;15;3.61;10.85;3.9;5.0;820;0.6;332.30;0.23;-0.01;3363;3926;30;22.3;37.3;47.767570;-3.506296;23.5;0.0;-10;-820;-358;-779;63;-333;-1;0;1;-1;0x0000000000000002;8.0
03/01/2021;15:36:41.420;4.7;86;0.81;15;3.61;10.83;4.2;6.8;821;1.1;321.70;0.20;-0.02;3138;3926;21;24.6;32.7;47.767626;-3.506355;22.9;0.0;-36;-864;-359;-920;63;-333;-1;0;1;-1;0x0000000000000002;8.0
03/01/2021;15:36:42.420;4.7;84;0.82;15;3.59;10.77;5.2;7.9;822;0.0;298.50;0.22;-0.03;3028;3926;19;25.1;30.2;47.767675;-3.506445;23.3;0.0;-5;-1024;-218;-594;60;-333;-1;0;1;-1;0x0000000000000000;8.0
03/01/2021;15:36:43.420;4.7;92;0.76;15;3.59;10.77;5.3;6.9;824;-4.4;265.80;0.23;-0.04;2742;3926;24;23.7;30.2;47.767695;-3.506595;11.4;0.0;-180;-999;-393;1024;60;-335;-1;0;1;-1;0x0000000000000000;8.0
