Date;Time;BtRx(V);RSSI(dB);AccZ(g);Tmp1(@C);A4(V);VFAS(V);Curr(A);Alt(m);Fuel(%);VSpd(m/s);Hdg(@);AccX(g);AccY(g);0450;Tmp2(@C);Dist(m);GAlt(m);GSpd(kmh);GPS;ASpd(kmh);Alt(m).1;Dir;Prf;Gaz;Ail;S1;S2;SA;SB;SC;SD;LSW;TxBat(V);GPS(lat);GPS(lon)
2021-01-28;23:33:14.840;5.0;100;0.98;15;3.74;11.23;0.9;0.0;484;-0.5;283.9;-0.17;-0.04;3324;3822;11;21.0;0.0;47.767796 -3.506491;8.8;0.0;-5;17;-1024;9;123;48;-1;0;1;-1;0x0000000000001C02;7.7;47.767796;-3.506491
2021-01-28;23:47:50.950;5.0;100;0.98;11;4.07;12.22;0.8;0.1;150;0.0;189.3;0.02;0.21;1792;3714;0;18.4;0.2;47.767895 -3.506408;12.0;0.0;-5;15;-1024;7;356;50;-1;0;1;-1;0x0000000000001C02;7.8;47.767895;-3.506408
2021-01-28;23:47:51.960;5.0;100;0.98;15;4.07;12.22;0.8;0.1;150;0.0;192.4;-0.01;0.24;1792;3714;0;18.3;0.4;47.767896 -3.506411;11.8;0.0;-5;15;-320;7;359;50;-1;0;1;-1;0x0000000000001C02;7.8;47.767896;-3.506411
2021-01-28;23:47:52.960;5.0;100;1.0;15;4.07;12.22;0.8;0.1;151;0.0;201.5;-0.03;0.17;1792;3714;0;18.1;0.2;47.767896 -3.506411;12.2;0.0;-4;15;250;7;359;50;-1;0;1;-1;0x0000000000001C02;7.7;47.767896;-3.506411
2021-01-28;23:47:53.970;5.0;100;0.99;15;4.07;12.22;0.9;0.2;151;0.0;203.1;-0.02;0.17;1792;3714;0;17.9;0.0;47.767898 -3.506413;11.6;0.0;-1;15;249;7;359;50;-1;0;1;-1;0x0000000000001C02;7.7;47.767898;-3.506413
2021-01-28;23:47:55.000;5.0;100;1.0;15;4.07;12.22;0.8;0.2;151;0.0;208.0;-0.05;0.19;1792;3714;0;18.0;0.0;47.767900 -3.506413;13.1;0.0;-21;15;253;7;359;50;-1;0;1;-1;0x0000000000001C02;7.7;47.767900;-3.506413
2021-01-28;23:47:56.040;5.0;100;0.96;15;4.07;12.22;0.9;0.2;151;0.1;237.0;0.05;0.32;1792;3714;0;18.0;0.9;47.767900 -3.506415;18.1;0.0;-4;15;247;7;359;50;-1;0;1;-1;0x0000000000001C02;7.7;47.767900;-3.506415
2021-01-28;23:47:57.040;5.0;100;0.87;15;4.07;12.22;0.9;0.2;152;0.2;272.3;0.5;0.41;1635;3714;0;18.1;2.1;47.767898 -3.506413;12.0;0.0;-4;15;247;7;359;50;-1;0;1;-1;0x0000000000001C02;7.7;47.767898;-3.506413
2021-01-28;23:47:58.040;5.0;100;0.87;15;4.07;12.22;0.9;0.2;152;0.2;272.3;0.5;0.41;1635;3714;0;18.1;2.1;47.767898 -3.506413;12.0;0.0;-4;-165;246;81;359;50;-1;0;1;-1;0x0000000000001C02;7.7;47.767898;-3.506413
2021-01-28;23:47:59.040;5.0;100;0.87;15;4.07;12.22;0.9;0.2;152;0.2;272.3;0.5;0.41;1635;3714;0;18.1;2.1;47.767898 -3.506413;12.0;0.0;-4;-1008;243;1024;359;50;-1;0;1;-1;0x0000000000001C02;7.7;47.767898;-3.506413
2021-01-28;23:48:00.040;5.0;72;0.87;15;4.07;12.22;0.9;0.2;152;0.2;272.3;0.5;0.41;1635;3714;0;18.1;2.1;47.767898 -3.506413;12.0;0.0;-4;15;243;7;359;50;-1;0;1;-1;0x0000000000001C02;7.7;47.767898;-3.506413
2021-01-28;23:48:01.040;5.0;86;0.87;15;4.07;12.22;0.9;0.2;152;0.2;272.3;0.5;0.41;1635;3714;0;18.1;2.1;47.767898 -3.506413;12.0;0.0;-4;15;246;7;359;50;-1;0;1;-1;0x0000000000001C02;7.7;47.767898;-3.506413
2021-01-28;23:48:02.040;5.0;86;0.87;15;4.07;12.22;0.9;0.2;152;0.2;272.3;0.5;0.41;1635;3714;0;18.1;2.1;47.767898 -3.506413;12.0;0.0;-4;15;246;7;359;50;-1;0;1;-1;0x0000000000001C02;7.7;47.767898;-3.506413
2021-01-28;23:48:03.040;5.0;86;0.87;15;4.07;12.22;0.9;0.2;152;0.2;272.3;0.5;0.41;1635;3714;0;18.1;2.1;47.767898 -3.506413;12.0;0.0;-4;15;246;7;359;-40;-1;0;1;-1;0x0000000000001C02;7.7;47.767898;-3.506413
2021-01-28;23:48:04.040;5.0;86;0.87;15;4.07;12.22;0.9;0.2;152;0.2;272.3;0.5;0.41;1635;3714;0;18.1;2.1;47.767898 -3.506413;12.0;0.0;-4;15;246;6;359;-48;-1;0;1;-1;0x0000000000001C02;7.7;47.767898;-3.506413
2021-01-28;23:50:20.870;5.0;100;1.04;1;4.07;12.21;0.9;0.0;9;-0.1;25.4;-0.03;0.04;1406;3712;0;10.0;1.0;47.767911 -3.506411;40.1;0.0;-5;15;-1024;7;-204;-48;-1;-1;1;-1;0x0000000000001C02;7.8;47.767911;-3.506411
2021-01-28;23:50:21.870;5.0;100;1.01;15;4.07;12.21;0.9;0.0;9;0.0;28.9;-0.05;0.01;1406;3712;0;9.8;0.6;47.767910 -3.506408;40.1;0.0;-5;15;-1024;6;-204;-48;-1;-1;1;-1;0x0000000000001C02;7.8;47.767910;-3.506408
2021-01-28;23:50:22.870;5.0;100;1.01;15;4.07;12.21;0.9;0.0;10;0.0;32.0;-0.05;0.02;1406;3712;0;9.5;0.6;47.767910 -3.506408;40.5;0.0;-5;15;-1024;6;-204;-48;-1;0;1;-1;0x0000000000001C02;7.8;47.767910;-3.506408
2021-01-28;23:50:23.870;5.0;100;1.01;15;4.07;12.21;0.9;0.0;10;0.0;32.2;-0.08;0.02;1406;3712;0;9.9;0.6;47.767908 -3.506408;40.5;0.0;-2;15;430;6;-204;-48;-1;0;1;-1;0x0000000000001C02;7.8;47.767908;-3.506408
2021-01-28;23:50:24.870;5.0;100;0.98;15;4.07;12.21;0.9;0.0;10;0.0;33.0;-0.11;0.02;1406;3712;0;9.9;0.2;47.767908 -3.506410;40.1;0.0;-4;15;431;6;-204;-48;-1;0;1;-1;0x0000000000001C02;7.8;47.767908;-3.506410
2021-01-28;23:50:25.880;5.0;100;1.02;15;4.06;12.2;0.9;0.0;10;0.0;35.6;-0.05;0.05;1406;3713;0;9.9;0.2;47.767908 -3.506408;40.1;0.0;-4;15;431;6;-204;-48;-1;0;1;-1;0x0000000000001C02;7.8;47.767908;-3.506408
2021-01-28;23:50:26.890;5.0;100;1.01;15;4.06;12.2;0.9;0.0;11;0.0;35.7;-0.04;0.02;1406;3713;0;9.8;0.2;47.767908 -3.506410;40.7;0.0;-4;15;431;6;-204;-48;-1;0;1;-1;0x0000000000001C02;7.8;47.767908;-3.506410
2021-01-28;23:50:27.900;5.0;100;1.0;15;4.06;12.2;0.9;0.0;11;0.0;36.0;-0.06;0.01;1406;3713;0;10.0;0.4;47.767910 -3.506406;40.0;0.0;-4;15;431;6;-204;-48;-1;0;1;-1;0x0000000000001C02;7.8;47.767910;-3.506406
2021-01-28;23:50:28.900;5.0;100;1.01;15;4.06;12.2;0.9;0.1;11;0.0;36.0;-0.03;0.0;1406;3713;0;9.3;0.9;47.767911 -3.506405;40.0;0.0;-4;15;430;6;-204;-48;-1;0;1;-1;0x0000000000001C02;7.8;47.767911;-3.506405
2021-01-28;23:50:29.900;5.0;100;1.01;15;4.07;12.2;0.9;0.2;11;0.0;35.7;-0.03;0.02;1406;3713;0;8.8;1.3;47.767913 -3.506400;39.8;0.0;-4;15;431;6;-204;-48;-1;0;1;-1;0x0000000000001C02;7.8;47.767913;-3.506400
2021-01-28;23:50:30.900;5.0;100;1.02;15;4.06;12.2;0.9;0.2;12;0.0;36.2;-0.03;0.01;961;3713;1;8.1;1.5;47.767916 -3.506395;40.1;0.0;-4;15;431;6;-204;-48;-1;0;1;-1;0x0000000000001C02;7.8;47.767916;-3.506395
2021-01-28;23:50:31.900;5.0;100;1.13;15;4.06;12.2;0.9;0.3;12;0.4;51.6;-0.21;-0.11;961;3713;1;8.7;1.2;47.767915 -3.506398;40.3;0.0;-4;15;431;6;-204;-48;-1;0;1;-1;0x0000000000001C02;7.8;47.767915;-3.506398
2021-01-28;23:50:32.900;5.0;100;1.03;15;4.06;12.2;0.9;0.4;12;0.1;62.5;-0.12;-0.03;961;3714;1;8.5;1.0;47.767913 -3.506396;40.3;0.0;-4;15;431;6;-204;-48;-1;0;1;-1;0x0000000000001C02;7.8;47.767913;-3.506396
2021-01-28;23:50:33.900;5.0;100;1.08;15;4.06;12.2;0.9;0.6;12;0.2;104.5;-0.26;0.14;961;3714;0;9.2;2.0;47.767911 -3.506403;39.8;0.0;-4;15;430;6;-204;-48;-1;0;1;-1;0x0000000000001C02;7.8;47.767911;-3.506403
2021-01-28;23:50:34.900;5.0;100;0.99;15;4.06;12.2;0.9;0.9;13;0.2;99.2;-0.09;0.1;961;3713;0;11.7;1.6;47.767901 -3.506406;39.6;0.0;-4;15;430;7;-204;-48;-1;0;1;-1;0x0000000000001C02;7.8;47.767901;-3.506406
2021-01-28;23:50:35.900;5.0;100;0.98;15;4.06;12.2;0.9;0.9;13;0.0;107.4;-0.05;0.11;961;3713;1;11.8;0.9;47.767900 -3.506406;39.8;0.0;-2;17;430;6;-204;-48;-1;0;1;-1;0x0000000000001C02;7.8;47.767900;-3.506406
2021-01-28;23:50:36.900;5.0;100;0.97;15;4.06;12.2;0.9;0.9;13;0.0;122.8;-0.08;0.23;961;3713;1;12.2;0.2;47.767896 -3.506406;38.8;0.0;-4;15;430;6;-204;-48;-1;0;1;-1;0x0000000000001C02;7.8;47.767896;-3.506406
2021-01-28;23:50:37.900;5.0;100;0.97;15;4.06;12.2;0.9;0.9;14;0.0;132.7;-0.02;0.14;961;3712;1;12.6;0.6;47.767895 -3.506408;38.5;0.0;-4;15;430;6;-204;-48;-1;0;1;-1;0x0000000000001C02;7.8;47.767895;-3.506408
2021-01-28;23:50:38.900;5.0;100;1.07;15;4.06;12.2;0.9;0.9;14;-0.1;130.5;0.03;0.14;961;3712;2;12.8;0.6;47.767893 -3.506408;38.7;0.0;-4;15;430;6;-204;-48;-1;0;1;-1;0x0000000000001C02;7.8;47.767893;-3.506408
2021-01-28;23:50:39.900;5.0;100;0.97;15;4.06;12.2;0.9;0.9;14;0.0;119.6;-0.13;0.16;961;3713;2;13.3;0.6;47.767893 -3.506408;38.5;0.0;-4;15;430;6;-204;-48;-1;0;1;-1;0x0000000000001C02;7.8;47.767893;-3.506408
2021-01-28;23:51:29.500;5.0;100;1.01;11;4.06;12.18;0.9;1.1;27;0.0;153.1;0.01;0.09;2974;3713;2;16.1;0.2;47.767886 -3.506401;38.7;0.0;-5;15;-1024;6;-221;-48;-1;0;1;-1;0x0000000000001C02;7.8;47.767886;-3.506401
2021-01-28;23:51:30.500;5.0;100;1.0;15;4.05;12.17;0.9;1.2;27;0.1;151.1;-0.02;0.06;2974;3714;3;15.9;0.2;47.767885 -3.506401;39.2;0.0;-5;15;-1024;6;-221;-48;-1;0;1;-1;0x0000000000001C02;7.8;47.767885;-3.506401
2021-01-28;23:51:31.500;5.0;100;1.0;15;4.06;12.18;0.9;1.2;27;0.0;152.4;0.03;0.1;2974;3714;3;15.8;0.2;47.767886 -3.506400;39.2;0.0;-5;15;-1024;6;-221;-10;-1;0;1;-1;0x0000000000001C02;7.8;47.767886;-3.506400
2021-01-28;23:51:32.500;5.0;100;1.02;15;4.06;12.18;0.9;1.3;28;0.0;153.4;0.02;0.07;2974;3714;3;15.8;0.2;47.767886 -3.506400;39.2;0.0;-5;15;-1024;6;-221;26;-1;-1;1;-1;0x0000000000001C02;7.8;47.767886;-3.506400
2021-01-28;23:51:33.500;5.0;100;0.98;15;4.06;12.17;0.9;1.3;28;0.0;155.0;-0.03;0.04;2974;3713;3;15.9;0.5;47.767885 -3.506400;39.0;0.0;-5;15;-1024;6;-221;64;-1;0;1;-1;0x0000000000001C02;7.8;47.767885;-3.506400
2021-01-28;23:51:34.500;5.0;100;1.0;15;4.05;12.17;0.9;1.3;28;0.0;154.7;0.04;0.06;2974;3713;3;15.9;0.3;47.767885 -3.506401;39.2;0.0;-5;15;-1024;6;-221;-32;-1;0;1;-1;0x0000000000001C02;7.8;47.767885;-3.506401
2021-01-28;23:51:35.520;5.0;100;1.02;15;4.06;12.17;0.9;1.3;28;0.0;155.2;0.04;0.04;2974;3713;3;16.2;0.7;47.767885 -3.506401;38.7;0.0;-5;15;-1024;6;-221;-34;-1;-1;1;-1;0x0000000000001C02;7.8;47.767885;-3.506401
2021-01-28;23:51:36.530;5.0;100;1.02;15;4.05;12.17;0.9;1.3;29;0.0;153.0;0.02;0.06;2974;3713;3;16.3;0.1;47.767885 -3.506403;38.8;0.0;-5;15;-1024;6;-221;85;-1;-1;1;-1;0x0000000000001C02;7.8;47.767885;-3.506403
2021-01-28;23:51:37.530;5.0;100;1.01;15;4.05;12.17;0.9;1.3;29;0.0;152.8;0.03;0.07;2974;3713;3;16.4;0.0;47.767885 -3.506400;39.2;0.0;-5;15;-1024;6;-218;96;-1;0;1;-1;0x0000000000001C02;7.8;47.767885;-3.506400
2021-01-28;23:51:38.530;5.0;100;1.0;15;4.06;12.18;0.9;1.3;29;0.0;150.1;0.04;0.12;2974;3713;3;16.5;0.1;47.767885 -3.506400;38.8;0.0;-5;15;-1024;7;-221;96;-1;0;1;-1;0x0000000000001C02;7.7;47.767885;-3.506400
2021-01-28;23:51:39.530;5.0;100;1.06;15;4.05;12.17;0.9;1.3;29;0.0;145.9;0.05;0.09;2974;3713;3;16.5;0.2;47.767885 -3.506398;39.2;0.0;-7;15;-1024;6;-221;93;-1;0;1;-1;0x0000000000001C02;7.7;47.767885;-3.506398
2021-01-28;23:51:40.530;5.0;100;1.0;15;4.05;12.17;0.9;1.2;30;0.0;141.7;0.08;0.18;2974;3713;3;16.5;0.9;47.767883 -3.506396;39.0;0.0;-5;15;-1024;6;-218;93;-1;0;1;-1;0x0000000000001C02;7.7;47.767883;-3.506396
2021-01-28;23:51:41.530;5.0;100;0.99;15;4.05;12.17;0.9;1.2;30;0.0;146.3;0.07;0.1;2974;3713;3;16.5;0.5;47.767885 -3.506396;39.2;0.0;-5;15;-1024;7;-218;93;0;0;1;-1;0x0000000000001C02;7.7;47.767885;-3.506396
2021-01-28;23:51:42.530;5.0;100;1.02;15;4.05;12.17;0.9;1.2;30;0.0;147.6;0.04;0.07;2974;3713;3;16.6;0.0;47.767885 -3.506396;38.8;0.0;-5;15;-1024;7;-218;96;-1;0;1;-1;0x0000000000001C02;7.7;47.767885;-3.506396
2021-01-28;23:51:43.550;5.0;100;0.99;15;4.05;12.17;0.9;1.2;30;0.0;149.0;0.05;0.09;2974;3714;3;16.7;0.2;47.767885 -3.506396;39.0;0.0;-5;15;-1024;6;-215;93;-1;0;1;-1;0x0000000000001C02;7.7;47.767885;-3.506396
2021-01-28;23:51:44.550;5.0;100;1.01;15;4.05;12.17;0.9;1.2;31;0.0;149.7;0.09;0.1;2974;3714;3;16.7;0.1;47.767883 -3.506398;39.0;0.0;-5;15;-1024;6;-218;93;-1;0;1;-1;0x0000000000001C02;7.7;47.767883;-3.506398
2021-01-28;23:51:45.550;5.0;100;1.01;15;4.05;12.17;0.9;1.2;31;0.0;151.1;0.07;0.1;2974;3713;3;16.7;0.3;47.767883 -3.506396;39.8;0.0;-5;15;-1024;6;-218;96;-1;0;1;-1;0x0000000000001C02;7.7;47.767883;-3.506396
2021-01-28;23:51:46.550;5.0;100;1.01;15;4.05;12.17;0.9;1.2;31;0.0;149.5;0.06;0.13;2974;3712;3;16.8;0.2;47.767883 -3.506398;39.0;0.0;-5;15;-1024;6;-218;96;-1;0;1;-1;0x0000000000001C02;7.7;47.767883;-3.506398
2021-01-28;23:51:47.550;5.0;100;0.98;15;4.05;12.17;0.9;1.2;31;0.0;147.4;0.01;0.14;2974;3714;3;16.8;0.5;47.767881 -3.506398;38.8;0.0;-7;15;-1024;6;-218;96;-1;0;1;-1;0x0000000000001C02;7.7;47.767881;-3.506398
2021-01-28;23:51:48.550;5.0;100;1.0;15;4.05;12.17;0.9;1.2;32;0.0;147.7;0.06;0.15;2974;3714;3;16.8;0.3;47.767881 -3.506396;38.7;0.0;-5;15;-1024;6;-218;96;-1;0;1;-1;0x0000000000001C02;7.7;47.767881;-3.506396
2021-01-28;23:51:49.550;5.0;100;0.99;15;4.05;12.17;0.9;1.2;32;0.0;146.5;0.08;0.18;2974;3714;3;16.8;0.2;47.767881 -3.506395;38.8;0.0;-5;15;-1024;6;-218;96;-1;0;1;-1;0x0000000000001C02;7.7;47.767881;-3.506395
2021-01-28;23:51:50.550;5.0;100;1.02;15;4.05;12.17;0.9;1.2;32;0.0;150.8;0.1;0.15;2974;3713;3;16.7;0.2;47.767881 -3.506393;38.8;0.0;94;15;-1024;6;-218;93;-1;0;1;-1;0x0000000000001C02;7.7;47.767881;-3.506393
2021-01-28;23:51:51.580;5.0;100;1.01;15;4.05;12.17;0.9;1.3;32;0.0;150.1;0.03;0.18;2974;3712;3;16.9;0.0;47.767881 -3.506393;38.8;0.0;-5;15;-859;6;-218;96;0;0;1;-1;0x0000000000001C02;7.7;47.767881;-3.506393
2021-01-28;23:51:52.580;5.0;100;0.99;15;4.05;12.17;0.9;1.3;33;0.0;151.2;0.04;0.15;2974;3711;3;17.5;0.1;47.767881 -3.506391;39.0;0.0;-5;15;-859;6;-218;96;-1;0;1;-1;0x0000000000001C02;7.7;47.767881;-3.506391
2021-01-28;23:51:53.580;5.0;100;0.99;15;4.05;12.17;0.9;1.3;33;0.0;153.7;0.05;0.14;2974;3713;3;17.7;0.1;47.767881 -3.506391;38.8;0.0;-4;15;197;6;-221;96;-1;0;1;-1;0x0000000000001C02;7.7;47.767881;-3.506391
2021-01-28;23:51:54.580;5.0;100;1.0;15;4.05;12.17;0.9;1.3;33;0.0;151.0;0.02;0.16;2974;3713;3;17.7;0.4;47.767880 -3.506390;38.8;0.0;-4;15;197;6;-218;93;-1;0;1;-1;0x0000000000001C02;7.7;47.767880;-3.506390
2021-01-28;23:51:55.580;5.0;100;1.02;15;4.05;12.17;0.9;1.3;34;0.0;173.5;0.05;0.29;2974;3713;3;17.8;0.2;47.767880 -3.506390;38.8;0.0;-4;15;195;7;-221;96;-1;0;1;-1;0x0000000000001C02;7.7;47.767880;-3.506390
2021-01-28;23:51:56.580;5.0;100;0.91;15;4.05;12.17;0.9;1.4;34;0.0;213.1;0.02;0.3;2974;3713;3;17.8;0.5;47.767883 -3.506390;37.4;0.0;-4;15;195;6;-218;93;-1;0;1;-1;0x0000000000001C02;7.7;47.767883;-3.506390
2021-01-28;23:51:57.580;5.0;100;0.95;15;4.05;12.17;0.9;1.4;34;0.1;243.3;1.27;0.35;1635;3714;3;18.0;2.0;47.767883 -3.506393;39.2;0.0;-4;15;195;6;-218;96;-1;0;1;-1;0x0000000000001C02;7.7;47.767883;-3.506393
2021-01-28;23:51:58.580;5.0;100;0.95;15;4.05;12.17;0.9;1.4;34;0.1;243.3;1.27;0.35;1635;3714;3;18.0;2.0;47.767883 -3.506393;39.2;0.0;-4;-420;194;251;-221;93;-1;0;1;-1;0x0000000000001C02;7.7;47.767883;-3.506393
2021-01-28;23:51:59.580;5.0;100;0.95;15;4.05;12.17;0.9;1.4;34;0.1;243.3;1.27;0.35;1635;3714;3;18.0;2.0;47.767883 -3.506393;39.2;0.0;-2;-1011;194;1024;-218;93;-1;0;1;-1;0x0000000000001C02;7.7;47.767883;-3.506393
2021-01-28;23:52:00.580;5.0;78;0.95;15;4.05;12.17;0.9;1.4;34;0.1;243.3;1.27;0.35;1635;3714;3;18.0;2.0;47.767883 -3.506393;39.2;0.0;-2;15;194;7;-218;96;-1;0;1;-1;0x0000000000001C02;7.7;47.767883;-3.506393
2021-01-28;23:53:01.110;5.0;100;1.0;1;4.05;12.15;0.9;0.0;15;0.0;321.7;-0.15;0.04;3233;3713;0;19.6;0.1;47.767875 -3.506418;22.2;0.0;-5;15;-1024;7;-218;96;-1;-1;1;-1;0x0000000000001C02;7.8;47.767875;-3.506418
2021-01-28;23:53:02.120;5.0;100;1.0;15;4.05;12.15;0.9;0.0;15;0.0;321.7;-0.15;0.04;3233;3713;0;19.6;0.1;47.767875 -3.506418;22.4;0.0;-4;15;-178;7;-218;93;-1;-1;1;-1;0x0000000000001C02;7.8;47.767875;-3.506418
2021-01-28;23:53:03.120;5.0;100;1.0;15;4.05;12.15;0.9;0.1;15;0.0;321.6;-0.15;0.04;3233;3713;0;19.5;0.2;47.767875 -3.506416;21.4;0.0;-4;15;-179;7;-218;93;-1;-1;1;-1;0x0000000000001C02;7.8;47.767875;-3.506416
2021-01-28;23:53:04.120;5.0;100;1.05;15;4.05;12.15;0.9;0.1;15;0.1;326.3;-0.14;0.18;3233;3713;0;19.5;0.3;47.767875 -3.506416;21.8;0.0;-4;14;-181;9;-221;93;-1;-1;1;-1;0x0000000000001C02;7.8;47.767875;-3.506416
2021-01-28;23:53:05.150;5.0;100;2.2;15;4.05;12.15;0.9;0.5;16;0.9;341.5;1.25;0.58;3233;3712;0;20.1;1.2;47.767873 -3.506418;23.1;0.0;-4;14;-181;9;-221;93;-1;-1;1;-1;0x0000000000001C02;7.8;47.767873;-3.506418
2021-01-28;23:53:06.190;5.0;100;0.91;15;4.03;12.1;2.3;0.7;17;0.1;343.7;0.12;0.11;3233;3814;0;20.0;0.1;47.767875 -3.506418;22.4;0.0;-4;15;-181;9;-221;96;-1;-1;1;-1;0x0000000000001C02;7.7;47.767875;-3.506418
2021-01-28;23:56:46.860;5.0;100;0.99;15;4.13;12.41;0.9;0.0;35;0.0;341.7;0.07;0.15;2181;3507;0;42.4;0.1;47.767813 -3.506536;6.2;0.0;-5;17;-1024;9;-207;1024;-1;0;1;-1;0x0000000000001C02;7.8;47.767813;-3.506536
2021-01-28;23:56:47.880;5.0;100;0.99;15;4.13;12.41;0.9;0.0;35;0.0;343.8;0.05;0.17;2181;3507;0;42.4;0.1;47.767815 -3.506536;7.7;0.0;65;17;-203;9;-207;1024;-1;0;1;-1;0x0000000000001C02;7.8;47.767815;-3.506536
2021-01-28;23:56:48.890;5.0;100;0.98;15;4.13;12.41;0.9;0.0;35;0.0;345.2;0.05;0.16;2181;3306;0;42.4;0.0;47.767816 -3.506535;7.0;0.0;-4;15;22;9;-207;1024;-1;0;1;-1;0x0000000000001C02;7.8;47.767816;-3.506535
2021-01-28;23:56:49.910;5.0;100;1.04;15;4.13;12.41;0.9;0.0;36;0.0;330.6;0.1;0.23;2181;3306;0;42.4;0.1;47.767815 -3.506533;7.5;0.0;-2;15;20;9;-207;1024;-1;0;1;-1;0x0000000000001C02;7.8;47.767815;-3.506533
2021-01-28;23:56:50.920;5.0;100;0.88;15;4.13;12.38;1.8;0.0;36;0.0;331.3;0.16;0.39;2645;3306;0;42.1;0.6;47.767816 -3.506531;7.0;0.0;-2;17;20;9;-207;1024;-1;0;1;-1;0x0000000000001C02;7.8;47.767816;-3.506531
2021-01-28;23:56:51.960;5.0;100;0.83;15;3.89;11.66;19.5;0.1;40;0.3;32.8;0.73;0.02;3172;3306;0;42.3;1.0;47.767818 -3.506528;9.2;0.0;-4;15;20;9;-207;1024;-1;0;1;-1;0x0000000000001C02;7.8;47.767818;-3.506528
2021-01-28;23:56:52.980;5.0;100;-0.09;15;3.88;11.64;19.3;1.9;47;-0.3;197.9;0.75;-0.03;1730;3507;3;43.4;28.6;47.767746 -3.506491;22.2;0.0;-11;12;25;248;-207;1024;-1;0;1;-1;0x0000000000000002;7.8;47.767746;-3.506491
2021-01-28;23:56:53.990;5.0;100;0.94;15;4.0;12.0;8.2;2.1;50;1.0;179.0;0.35;0.06;1493;3507;13;41.7;42.4;47.767673 -3.506421;36.1;0.0;-110;-365;17;62;-207;1024;-1;0;1;-1;0x0000000000000002;7.8;47.767673;-3.506421
2021-01-28;23:56:54.990;5.0;100;1.34;15;4.0;12.0;8.1;3.6;52;1.7;184.1;0.32;0.05;1772;3507;25;41.5;43.8;47.767560 -3.506380;44.8;0.0;-4;-200;25;-121;-207;1024;-1;0;1;-1;0x0000000000000002;7.8;47.767560;-3.506380
2021-01-28;23:56:55.990;5.0;100;0.83;15;3.99;12.0;8.0;5.7;54;1.5;181.1;0.2;0.0;1839;3507;43;42.8;47.4;47.767470 -3.506386;50.5;0.0;-2;-91;25;10;-207;1024;-1;0;1;-1;0x0000000000000002;7.8;47.767470;-3.506386
2021-01-28;23:56:56.990;5.0;98;1.04;15;3.99;12.0;8.0;7.3;56;1.0;183.8;0.18;-0.02;1821;3507;55;43.1;51.2;47.767348 -3.506391;55.1;0.0;-2;-174;25;12;-207;1024;-1;0;1;-1;0x0000000000000002;7.8;47.767348;-3.506391
2021-01-28;23:56:57.990;5.0;96;1.04;15;3.99;11.98;7.9;7.9;59;0.7;181.6;0.14;-0.01;1822;3507;68;43.5;55.3;47.767186 -3.506400;58.5;0.0;-2;-394;25;59;-207;1024;-1;0;1;-1;0x0000000000000002;7.8;47.767186;-3.506400
2021-01-28;23:56:58.990;5.0;92;1.73;15;3.99;11.97;7.9;8.8;61;2.3;181.7;0.16;0.01;1822;3507;82;43.5;57.8;47.767045 -3.506405;61.4;0.0;-2;-597;25;15;-207;1024;-1;0;1;-1;0x0000000000000002;7.8;47.767045;-3.506405
2021-01-28;23:56:59.990;5.0;90;1.22;15;3.99;11.98;7.9;10.8;63;2.3;179.5;0.13;0.01;1809;3507;103;45.8;57.7;47.766930 -3.506406;62.9;0.0;-2;-508;25;196;-207;1024;-1;0;1;-1;0x0000000000000002;7.8;47.766930;-3.506406
2021-01-28;23:57:00.990;5.0;90;1.0;15;3.98;11.95;7.9;12.7;65;2.0;181.2;0.12;-0.04;1795;3507;118;47.4;56.5;47.766790 -3.506403;62.4;0.0;-4;-692;25;117;-207;1024;-1;0;1;-1;0x0000000000000002;7.8;47.766790;-3.506403
2021-01-28;23:57:01.990;5.0;90;1.07;15;3.98;11.96;7.9;15.0;68;2.5;181.7;0.14;-0.02;1796;3507;132;49.2;55.5;47.766595 -3.506396;61.1;0.0;-2;-709;25;110;-204;1024;-1;0;1;-1;0x0000000000000002;7.8;47.766595;-3.506396
2021-01-28;23:57:02.990;5.0;90;0.87;15;3.98;11.94;7.9;17.0;70;2.3;179.5;0.16;-0.01;1789;3507;145;50.9;53.0;47.766488 -3.506391;59.6;0.0;-2;-731;25;45;-207;1024;-1;0;1;-1;0x0000000000000002;7.8;47.766488;-3.506391
2021-01-28;23:57:03.990;5.0;88;0.74;15;3.98;11.95;7.9;19.1;72;2.7;179.2;0.16;-0.01;1781;3507;164;53.4;51.5;47.766358 -3.506385;58.5;0.0;-2;-362;25;10;-207;1024;-1;0;1;-1;0x0000000000000002;7.8;47.766358;-3.506385
2021-01-28;23:57:04.990;5.0;88;1.13;15;3.97;11.93;7.9;20.3;74;-0.2;177.4;0.16;-0.01;1778;3507;177;55.5;53.6;47.766256 -3.506376;57.5;0.0;-2;-749;25;10;-207;1024;-1;0;1;-1;0x0000000000000002;7.8;47.766256;-3.506376
2021-01-28;23:57:05.990;5.0;86;0.96;15;3.97;11.93;7.9;22.1;77;2.4;177.0;0.16;-0.05;1768;3507;191;56.8;52.5;47.766071 -3.506366;58.1;0.0;-2;-650;25;-25;-207;1024;-1;0;1;-1;0x0000000000000002;7.8;47.766071;-3.506366
2021-01-28;23:57:06.990;5.0;86;1.05;15;3.97;11.93;7.9;23.9;79;1.8;176.6;0.17;0.0;1760;3507;204;59.0;51.9;47.765968 -3.506348;57.2;0.0;-4;-787;25;9;-207;1024;-1;0;1;-1;0x0000000000000002;7.8;47.765968;-3.506348
2021-01-28;23:57:07.990;5.0;84;1.04;15;3.97;11.92;7.9;26.1;81;2.9;175.2;0.2;0.0;1750;3507;217;60.8;50.2;47.765841 -3.506335;55.9;0.0;-2;-810;25;125;-207;1024;-1;0;1;-1;0x0000000000000002;7.8;47.765841;-3.506335
2021-01-28;23:57:08.990;5.0;84;1.0;15;3.97;11.92;8.0;28.7;83;3.0;174.6;0.23;0.0;1742;3507;234;65.1;47.1;47.765746 -3.506316;52.4;0.0;-2;-784;25;82;-207;1024;-1;0;1;-1;0x0000000000000002;7.8;47.765746;-3.506316
2021-01-28;23:57:09.990;5.0;84;0.86;15;3.96;11.89;8.0;32.6;85;2.6;174.1;0.24;-0.02;1731;3507;246;67.6;43.9;47.765635 -3.506300;50.3;0.0;-2;-763;25;53;-204;1024;-1;0;1;-1;0x0000000000000002;7.8;47.765635;-3.506300
2021-01-28;23:57:10.990;5.0;82;0.87;15;3.96;11.9;8.0;34.7;88;2.1;170.3;0.26;0.0;1716;3712;256;69.2;43.4;47.765491 -3.506263;48.5;0.0;-2;-742;25;12;-207;1024;-1;0;1;-1;0x0000000000000002;7.8;47.765491;-3.506263
2021-01-28;23:57:11.990;5.0;82;0.97;15;3.96;11.89;8.0;36.8;90;2.2;171.4;0.27;0.0;1706;3712;266;70.4;43.5;47.765410 -3.506240;47.7;0.0;-2;-721;25;10;-207;1024;-1;0;1;-1;0x0000000000000002;7.8;47.765410;-3.506240
2021-01-28;23:57:12.990;5.0;82;1.0;15;3.95;11.89;8.0;38.7;92;1.9;170.6;0.26;0.0;1705;3712;282;72.1;43.3;47.765306 -3.506211;46.8;0.0;-2;-706;25;10;-207;1024;-1;0;1;-1;0x0000000000000002;7.8;47.765306;-3.506211
2021-01-28;23:57:13.990;5.0;82;0.96;15;3.96;11.87;8.0;40.7;94;2.0;169.3;0.25;0.0;1695;3712;292;74.1;43.7;47.765223 -3.506188;47.7;0.0;-2;-745;25;9;-207;1024;-1;0;1;-1;0x0000000000000002;7.8;47.765223;-3.506188
2021-01-28;23:57:14.990;5.0;80;0.83;15;3.96;11.87;8.0;43.8;97;2.3;168.0;0.25;0.0;1686;3712;303;76.0;43.2;47.765076 -3.506156;48.1;0.0;-2;-677;25;7;-207;1024;-1;0;1;-1;0x0000000000000002;7.8;47.765076;-3.506156
2021-01-28;23:57:15.990;5.0;80;0.93;15;3.96;11.88;8.0;45.6;99;1.6;167.1;0.25;0.01;1677;3712;314;77.3;44.1;47.764993 -3.506115;48.5;0.0;-2;-644;25;7;-207;1024;-1;0;1;-1;0x0000000000000002;7.8;47.764993;-3.506115
2021-01-28;23:57:16.990;5.0;78;0.96;15;3.95;11.87;7.9;47.2;101;1.6;166.8;0.23;0.0;1669;3712;325;78.6;45.3;47.764885 -3.506076;49.0;0.0;-2;-807;25;93;-207;1024;-1;0;1;-1;0x0000000000000002;7.8;47.764885;-3.506076
2021-01-28;23:57:17.990;5.0;78;0.96;15;3.95;11.86;7.9;49.2;103;2.5;166.9;0.24;-0.01;1666;3712;341;81.1;45.1;47.764796 -3.506045;49.6;0.0;-2;-760;25;131;-207;1024;-1;0;1;-1;0x0000000000000002;7.8;47.764796;-3.506045
2021-01-28;23:57:18.990;5.0;78;0.97;15;3.94;11.85;8.0;52.7;105;2.5;166.9;0.25;-0.01;1666;3714;352;82.5;43.7;47.764686 -3.506005;48.8;0.0;-4;-766;23;229;-207;1024;-1;0;1;-1;0x0000000000000002;7.8;47.764686;-3.506005
2021-01-28;23:57:19.990;5.0;78;1.02;15;3.94;11.86;8.0;55.0;108;2.6;167.9;0.26;0.0;1670;3714;363;84.3;42.8;47.764535 -3.505948;48.1;0.0;-2;-737;26;134;-207;1024;-1;0;1;-1;0x0000000000000002;7.8;47.764535;-3.505948
2021-01-28;23:57:20.990;5.0;78;0.9;15;3.94;11.84;8.0;57.1;110;2.0;166.5;0.25;0.0;1690;3714;374;86.0;42.4;47.764451 -3.505921;48.3;0.0;-2;-655;26;87;-204;1024;-1;0;1;-1;0x0000000000000002;7.8;47.764451;-3.505921
2021-01-28;23:57:21.990;5.0;76;1.01;15;3.94;11.84;7.9;58.7;112;1.8;167.8;0.24;0.02;1690;3714;391;87.5;43.0;47.764345 -3.505888;48.8;0.0;-2;-623;25;89;-207;1024;-1;0;1;-1;0x0000000000000002;7.8;47.764345;-3.505888
2021-01-28;23:57:22.990;5.0;76;0.96;15;3.94;11.85;7.9;60.4;114;1.6;169.7;0.23;0.01;1701;3714;402;89.5;44.6;47.764256 -3.505861;50.3;0.0;-4;-603;25;89;-204;1024;-1;0;1;-1;0x0000000000000002;7.8;47.764256;-3.505861
2021-01-28;23:57:23.990;5.0;76;1.0;15;3.94;11.83;7.9;62.5;117;1.5;170.2;0.22;0.0;1713;3714;413;90.5;45.8;47.764100 -3.505831;51.8;0.0;-2;-522;20;12;-207;1024;-1;0;1;-1;0x0000000000000002;7.8;47.764100;-3.505831
2021-01-28;23:57:24.990;5.0;74;1.03;15;3.94;11.83;8.0;63.6;119;1.2;172.1;0.19;0.03;1721;3714;425;91.6;47.8;47.764006 -3.505795;53.5;0.0;22;-581;35;-64;-207;1024;-1;0;1;-1;0x0000000000000002;7.8;47.764006;-3.505795
2021-01-28;23:57:25.990;5.0;74;0.78;15;3.94;11.83;7.9;65.1;121;1.2;171.5;0.16;0.01;1728;3714;437;92.5;49.2;47.763885 -3.505773;56.3;0.0;-2;-427;23;-461;-204;1024;-1;0;1;-1;0x0000000000000002;7.8;47.763885;-3.505773
2021-01-28;23:57:26.990;5.0;74;1.1;15;3.94;11.82;7.8;66.0;123;0.9;171.0;0.15;-0.01;1722;3714;456;93.8;51.5;47.763785 -3.505748;59.0;0.0;0;-481;23;-434;-207;1024;-1;0;1;-1;0x0000000000000002;7.8;47.763785;-3.505748
2021-01-28;23:57:27.990;5.0;74;1.01;15;3.93;11.8;7.8;67.8;125;1.1;168.6;0.13;0.0;1697;3714;470;94.6;53.8;47.763655 -3.505720;60.5;0.0;-2;-498;23;-314;-207;1024;-1;0;1;-1;0x0000000000000002;7.8;47.763655;-3.505720
2021-01-28;23:57:28.990;5.0;72;1.14;15;3.93;11.81;7.8;69.2;128;1.8;165.7;0.12;-0.03;1659;3714;483;95.6;54.3;47.763470 -3.505655;61.1;0.0;-4;-644;23;-53;-207;1024;-1;0;1;-1;0x0000000000000002;7.8;47.763470;-3.505655
2021-01-28;23:57:29.990;5.0;72;1.11;15;3.93;11.81;7.8;71.1;130;2.3;163.6;0.14;-0.01;1624;3714;496;97.1;53.4;47.763366 -3.505608;60.7;0.0;-4;-615;23;7;-204;1024;-1;0;1;-1;0x0000000000000002;7.8;47.763366;-3.505608
2021-01-28;23:57:30.990;5.0;72;0.98;15;3.93;11.8;7.8;72.9;132;2.0;161.8;0.14;-0.04;1619;3713;510;99.3;52.9;47.763240 -3.505548;59.8;0.0;-2;-578;23;9;-207;1024;-1;0;1;-1;0x0000000000000002;7.8;47.763240;-3.505548
2021-01-28;23:57:32.020;5.0;72;0.9;15;3.93;11.8;7.9;74.3;134;1.2;160.7;0.13;0.0;1611;3713;529;101.5;53.1;47.763140 -3.505498;59.8;0.0;-4;-530;23;-9;-207;1024;-1;0;1;1;0x0000000000000002;7.8;47.763140;-3.505498
2021-01-28;23:57:33.050;5.0;72;1.06;15;3.93;11.79;7.9;75.9;137;1.3;160.6;0.13;-0.01;1595;3714;543;102.8;53.5;47.762963 -3.505405;60.1;0.0;-2;-525;23;7;-207;1024;-1;0;1;1;0x0000000000000002;7.8;47.762963;-3.505405
2021-01-28;23:57:34.050;5.0;70;1.05;15;3.93;11.79;7.8;77.2;139;1.5;158.7;0.12;-0.01;1580;3714;556;104.0;53.7;47.762863 -3.505346;61.1;0.0;-2;-495;23;-8;-207;1024;-1;0;1;-1;0x0000000000000002;7.8;47.762863;-3.505346
2021-01-28;23:57:35.050;5.0;70;1.0;15;3.93;11.79;7.8;78.4;141;1.3;157.9;0.12;0.0;1572;3714;569;105.6;54.1;47.762736 -3.505271;61.3;0.0;-2;-507;22;-129;-204;1024;-1;0;1;-1;0x0000000000000002;7.8;47.762736;-3.505271
2021-01-28;23:57:36.050;5.0;70;1.05;15;3.93;11.79;7.8;79.8;143;1.6;155.0;0.12;0.0;1558;3714;589;107.8;54.8;47.762636 -3.505191;61.3;0.0;-2;-484;22;-42;-204;1024;-1;0;1;-1;0x0000000000000002;7.8;47.762636;-3.505191
2021-01-28;23:57:37.050;5.0;70;0.91;15;3.92;11.77;7.8;81.8;145;1.4;154.3;0.12;-0.01;1548;3815;602;109.2;55.2;47.762461 -3.505086;61.3;0.0;-4;-441;22;-11;-166;1024;-1;0;1;-1;0x0000000000000002;7.8;47.762461;-3.505086
2021-01-28;23:57:38.050;5.0;70;1.0;15;3.92;11.78;7.8;82.9;147;1.0;152.8;0.11;0.0;1527;3815;616;110.7;56.1;47.762336 -3.504995;61.4;0.0;-4;-374;22;7;-166;1024;-1;0;1;-1;0x0000000000000002;7.8;47.762336;-3.504995
2021-01-28;23:57:39.050;5.0;70;1.0;15;3.92;11.78;7.7;83.9;149;1.0;150.9;0.1;0.02;1514;3815;629;111.7;57.3;47.762236 -3.504915;62.9;0.0;-4;-472;22;556;-166;1024;-1;0;1;-1;0x0000000000000002;7.8;47.762236;-3.504915
2021-01-28;23:57:40.050;5.0;68;1.01;15;3.92;11.77;7.7;85.0;151;1.4;154.8;0.09;0.01;1535;3815;651;113.0;57.7;47.762108 -3.504816;63.7;0.0;-4;-492;20;500;-166;1024;-1;0;1;-1;0x0000000000000002;7.8;47.762108;-3.504816
2021-01-28;23:57:41.050;5.0;70;1.04;15;3.92;11.76;7.7;87.0;154;1.8;159.0;0.1;-0.01;1572;3816;660;114.6;56.9;47.761950 -3.504720;63.8;0.0;-4;-46;22;10;-166;1024;-1;0;1;-1;0x0000000000000002;7.8;47.761950;-3.504720
2021-01-28;23:57:42.050;5.0;70;1.07;15;3.92;11.75;7.7;87.8;155;0.2;159.4;0.09;0.01;1610;3816;680;116.2;56.8;47.761868 -3.504678;63.5;0.0;-4;-331;22;365;-166;1024;-1;0;1;-1;0x0000000000000002;7.8;47.761868;-3.504678
2021-01-28;23:57:43.050;5.0;68;1.03;15;3.92;11.76;7.7;88.6;158;0.9;163.8;0.08;0.01;1640;3816;690;116.5;58.7;47.761703 -3.504596;65.0;0.0;-2;-384;22;395;-163;1024;-1;0;1;-1;0x0000000000000002;7.8;47.761703;-3.504596
2021-01-28;23:57:44.060;5.0;68;1.03;15;3.92;11.76;7.7;90.1;159;1.3;165.6;0.07;0.0;1663;3816;711;117.7;58.8;47.761616 -3.504561;65.3;0.0;-1;-505;23;497;-166;1024;-1;0;1;-1;0x0000000000000342;7.8;47.761616;-3.504561
2021-01-28;23:57:45.060;5.0;68;1.07;15;3.91;11.75;7.7;91.2;162;1.8;172.7;0.08;0.0;1734;3816;721;118.4;57.8;47.761445 -3.504506;65.9;0.0;0;-522;23;489;-166;1024;-1;0;1;-1;0x0000000000000342;7.8;47.761445;-3.504506
2021-01-28;23:57:46.060;5.0;68;1.04;15;3.91;11.74;7.7;93.3;165;1.9;176.4;0.08;0.01;1773;3816;741;120.6;56.0;47.761248 -3.504496;65.9;0.0;-2;-501;25;458;-166;1024;-1;0;1;-1;0x0000000000000342;7.8;47.761248;-3.504496
2021-01-28;23:57:47.060;5.0;68;1.08;15;3.91;11.74;7.7;94.3;166;1.5;186.3;0.09;0.02;1863;3816;760;122.1;55.5;47.761166 -3.504506;64.2;0.0;-2;-524;23;411;-166;1024;-1;0;1;-1;0x0000000000000342;7.8;47.761166;-3.504506
2021-01-28;23:57:48.060;5.0;66;1.15;15;3.91;11.74;7.7;96.1;169;2.4;196.9;0.09;0.01;1982;3816;769;122.8;55.2;47.761005 -3.504556;64.4;0.0;-2;-771;22;25;-166;1024;-1;0;1;-1;0x0000000000000342;7.8;47.761005;-3.504556
2021-01-28;23:57:49.060;5.0;68;0.94;15;3.9;11.73;7.7;97.8;170;3.7;201.7;0.11;0.0;2038;3816;785;125.3;50.9;47.760930 -3.504596;62.2;0.0;-2;-694;23;195;-166;1024;-1;0;1;-1;0x0000000000000342;7.8;47.760930;-3.504596
2021-01-28;23:57:50.060;5.0;68;1.0;15;3.91;11.73;7.8;101.2;173;2.7;210.2;0.14;0.01;2113;3816;792;126.9;50.0;47.760775 -3.504716;60.0;0.0;-2;-704;23;248;-163;1024;-1;0;1;-1;0x0000000000000342;7.8;47.760775;-3.504716
2021-01-28;23:57:51.060;5.0;68;1.0;15;3.9;11.71;7.8;103.9;176;2.6;215.7;0.15;-0.02;2161;3816;804;129.8;48.7;47.760660 -3.504776;58.5;0.0;-4;-740;23;145;-166;1024;-1;0;1;-1;0x0000000000000342;7.8;47.760660;-3.504776
2021-01-28;23:57:52.060;5.0;68;0.88;15;3.9;11.72;7.8;105.4;177;2.6;226.6;0.16;0.0;2284;3816;814;131.2;47.5;47.760610 -3.504920;57.5;0.0;-2;-650;23;10;-163;1024;-1;0;1;-1;0x0000000000000342;7.8;47.760610;-3.504920
2021-01-28;23:57:53.070;5.0;66;1.01;15;3.9;11.71;7.8;107.5;180;1.6;235.9;0.16;0.0;2367;3816;818;133.4;48.1;47.760523 -3.505113;56.4;0.0;-2;-670;23;-228;-163;1024;-1;0;1;-1;0x0000000000000342;7.8;47.760523;-3.505113
2021-01-28;23:57:54.070;5.0;66;1.02;15;3.9;11.71;7.8;108.3;181;1.9;240.0;0.16;0.01;2408;3816;824;134.9;49.5;47.760473 -3.505206;57.0;0.0;-2;-460;23;-121;-166;1024;-1;0;1;-1;0x0000000000000342;7.8;47.760473;-3.505206
2021-01-28;23:57:55.070;5.0;66;0.98;15;3.9;11.71;7.8;109.6;184;0.6;246.4;0.14;0.01;2459;3816;827;135.7;50.9;47.760408 -3.505408;57.7;0.0;-2;-558;25;-183;-166;1024;-1;0;1;-1;0x0000000000000342;7.8;47.760408;-3.505408
2021-01-28;23:57:56.070;5.0;68;1.02;15;3.9;11.7;7.7;110.4;187;1.0;249.5;0.12;0.0;2498;3816;832;136.3;54.2;47.760378 -3.505516;59.6;0.0;-2;-555;25;20;-163;1024;-1;0;1;-1;0x0000000000000342;7.8;47.760378;-3.505516
2021-01-28;23:57:57.070;5.0;68;0.64;15;3.89;11.69;7.7;110.9;188;0.7;256.1;0.09;0.0;2561;3816;836;136.7;55.9;47.760328 -3.505790;61.1;0.0;-2;12;23;9;-166;1024;-1;0;1;-1;0x0000000000000342;7.8;47.760328;-3.505790
2021-01-28;23:57:58.070;5.0;66;1.18;15;3.9;11.7;7.7;110.4;191;0.1;258.4;0.08;0.0;2579;3816;838;136.4;60.5;47.760288 -3.506048;64.4;0.0;-1;-646;25;415;-163;1024;-1;0;1;-1;0x0000000000000342;7.8;47.760288;-3.506048
2021-01-28;23:57:59.070;5.0;66;1.05;15;3.89;11.7;7.6;110.9;192;1.9;266.1;0.07;0.01;2673;3816;839;136.8;62.1;47.760280 -3.506185;66.6;0.0;-2;-658;23;415;-166;1024;-1;0;1;-1;0x0000000000000342;7.8;47.760280;-3.506185
2021-01-28;23:58:00.070;5.0;68;1.05;15;3.89;11.7;7.6;113.0;195;1.9;276.8;0.07;0.01;2777;3816;838;137.6;61.9;47.760290 -3.506461;65.9;0.0;-2;-661;23;439;-166;1024;-1;0;1;-1;0x0000000000000342;7.8;47.760290;-3.506461
2021-01-28;23:58:01.070;5.0;68;1.05;15;3.89;11.68;7.7;113.8;196;1.8;282.4;0.08;0.0;2830;3816;835;139.1;61.5;47.760305 -3.506598;65.3;0.0;-2;-627;23;412;-163;1024;-1;0;1;-1;0x0000000000000342;7.8;47.760305;-3.506598
2021-01-28;23:58:02.070;5.0;66;1.05;15;3.89;11.68;7.7;115.3;199;1.7;292.9;0.09;0.01;2930;3816;832;139.9;61.7;47.760358 -3.506906;64.6;0.0;-2;-641;23;445;-166;1024;-1;0;1;-1;0x0000000000000342;7.8;47.760358;-3.506906
2021-01-28;23:58:03.070;5.0;68;1.01;15;3.89;11.67;7.7;117.0;202;1.8;299.2;0.09;0.0;2987;3816;823;142.0;61.9;47.760460 -3.507150;64.0;0.0;-2;-647;23;440;-163;1024;-1;0;1;-1;0x0000000000000342;7.8;47.760460;-3.507150
2021-01-28;23:58:04.070;5.0;68;1.04;15;3.89;11.68;7.7;117.9;203;2.1;311.5;0.09;0.0;3129;3815;811;143.7;62.2;47.760518 -3.507260;64.2;0.0;-2;-635;23;434;-166;1024;-1;0;1;-1;0x0000000000000342;7.8;47.760518;-3.507260
2021-01-28;23:58:05.070;5.0;68;0.99;15;3.89;11.67;7.7;119.6;206;1.7;324.5;0.09;0.0;3248;3815;803;144.7;62.3;47.760655 -3.507451;63.8;0.0;-2;-626;23;426;-163;1024;-1;0;1;-1;0x0000000000000342;7.8;47.760655;-3.507451
2021-01-28;23:58:06.080;5.0;68;1.07;15;3.89;11.66;7.7;120.2;207;1.7;331.0;0.08;0.0;3312;3815;786;145.8;63.9;47.760735 -3.507553;65.3;0.0;-2;-640;23;440;-163;1024;-1;0;1;-1;0x0000000000000342;7.8;47.760735;-3.507553
2021-01-28;23:58:07.080;5.0;66;0.99;15;3.88;11.66;7.6;121.5;210;1.9;344.5;0.07;0.01;3438;3815;776;146.3;64.5;47.760940 -3.507663;65.1;0.0;-2;-635;23;434;-163;1024;-1;0;1;-1;0x0000000000000342;7.8;47.760940;-3.507663
2021-01-28;23:58:08.080;5.0;68;1.05;15;3.88;11.66;7.6;122.5;212;1.8;350.9;0.06;0.01;3504;3714;754;147.4;66.0;47.761133 -3.507695;66.1;0.0;-2;12;23;10;-163;1024;-1;0;1;-1;0x0000000000000342;7.8;47.761133;-3.507695
2021-01-28;23:58:09.090;5.0;68;1.0;15;3.88;11.66;7.6;121.5;214;-1.3;0.5;0.01;0.01;0;3815;731;145.5;66.8;47.761233 -3.507716;67.2;0.0;-2;14;23;10;-163;1024;-1;0;1;-1;0x0000000000000342;7.8;47.761233;-3.507716
2021-01-28;23:58:10.090;5.0;70;1.03;15;3.88;11.66;7.5;118.7;216;-1.6;8.3;-0.02;0.0;83;3815;718;143.9;74.5;47.761448 -3.507691;72.9;0.0;-2;17;22;-176;-163;1024;-1;0;1;-1;0x0000000000000342;7.8;47.761448;-3.507691
2021-01-28;23:58:11.090;5.0;68;1.01;15;3.88;11.66;7.5;117.2;218;-1.9;11.7;-0.07;-0.01;116;3817;692;139.5;79.5;47.761598 -3.507660;78.7;0.0;-2;14;20;-536;-163;1024;-1;0;1;-1;0x0000000000000002;7.8;47.761598;-3.507660
2021-01-28;23:58:12.090;5.0;68;1.02;15;3.88;11.66;7.4;113.7;220;-2.0;15.8;-0.1;-0.01;160;3817;678;137.6;81.4;47.761831 -3.507573;80.1;0.0;-2;7;19;-738;-163;1024;-1;0;1;-1;0x0000000000000002;7.8;47.761831;-3.507573
2021-01-28;23:58:13.090;5.0;70;1.1;15;3.88;11.64;7.4;110.0;223;-2.0;15.4;-0.11;0.0;161;3817;649;134.2;84.0;47.761950 -3.507521;82.9;0.0;-2;9;19;-693;-163;1024;-1;0;1;-1;0x0000000000000002;7.8;47.761950;-3.507521
2021-01-28;23:58:14.090;5.0;68;1.06;15;3.88;11.65;7.4;108.2;224;-1.8;12.8;-0.11;-0.01;132;3816;634;132.8;85.0;47.762193 -3.507428;83.5;0.0;-2;11;19;-686;-163;1024;-1;0;1;-1;0x0000000000000002;7.8;47.762193;-3.507428
2021-01-28;23:58:15.090;5.0;70;1.14;15;3.88;11.65;7.4;105.0;227;-1.6;9.0;-0.1;-0.01;118;3816;605;131.0;84.7;47.762483 -3.507341;83.3;0.0;-2;14;20;6;-163;1024;-1;0;1;-1;0x0000000000000002;7.8;47.762483;-3.507341
2021-01-28;23:58:16.090;5.0;72;1.02;15;3.87;11.64;7.4;103.8;228;-1.3;8.8;-0.09;-0.01;81;3816;575;130.0;84.0;47.762606 -3.507315;81.8;0.0;-2;11;19;-366;-163;1024;-1;0;1;-1;0x0000000000000002;7.8;47.762606;-3.507315
2021-01-28;23:58:17.090;5.0;72;1.03;15;3.88;11.65;7.4;101.7;231;-1.0;9.3;-0.07;-0.01;95;3816;554;129.8;80.8;47.762890 -3.507270;80.5;0.0;-2;7;19;-550;-163;1024;-1;0;1;-1;0x0000000000000002;7.8;47.762890;-3.507270
2021-01-28;23:58:18.090;5.0;72;1.04;15;3.88;11.64;7.5;101.1;233;-0.5;5.8;-0.05;0.01;53;3816;534;129.8;79.5;47.763088 -3.507220;78.3;0.0;-2;14;20;7;-163;1024;-1;0;1;-1;0x0000000000000002;7.8;47.763088;-3.507220
2021-01-28;23:58:19.090;5.0;72;1.01;15;3.87;11.64;7.5;100.9;235;-0.3;5.8;-0.01;-0.01;58;3817;514;130.1;77.4;47.763243 -3.507198;76.8;0.0;-2;6;19;-505;-163;1024;-1;0;1;-1;0x0000000000000002;7.8;47.763243;-3.507198
2021-01-28;23:58:20.090;5.0;74;0.73;15;3.87;11.62;7.5;101.0;237;-0.1;3.9;-0.01;-0.01;43;3817;485;130.9;75.7;47.763431 -3.507173;73.8;0.0;-4;447;19;7;-163;1024;-1;0;1;-1;0x0000000000000002;7.8;47.763431;-3.507173
2021-01-28;23:58:21.090;5.0;74;0.98;15;3.87;11.62;7.5;100.4;239;-1.4;3.3;-0.01;0.0;35;3817;466;130.5;75.3;47.763580 -3.507160;73.1;0.0;-4;477;19;12;-166;1024;-1;0;1;-1;0x0000000000000002;7.8;47.763580;-3.507160
2021-01-28;23:58:22.090;5.0;74;0.93;15;3.87;11.62;7.5;99.5;242;-1.9;3.8;-0.03;0.0;37;3817;447;129.8;75.8;47.763843 -3.507136;74.6;0.0;-4;529;19;12;-166;1024;-1;0;1;-1;0x0000000000000002;7.8;47.763843;-3.507136
2021-01-28;23:58:23.090;5.0;76;0.95;15;3.87;11.62;7.5;98.3;243;-2.1;3.4;-0.04;-0.05;36;3818;429;128.1;76.9;47.764035 -3.507120;75.5;0.0;-4;489;19;9;-163;1024;-1;0;1;-1;0x0000000000000002;7.8;47.764035;-3.507120
2021-01-28;23:58:24.090;5.0;76;0.9;15;3.87;11.61;7.5;97.0;245;-2.3;3.9;-0.06;-0.01;40;3818;400;126.7;78.4;47.764190 -3.507105;76.8;0.0;-4;564;19;9;-163;1024;-1;0;1;-1;0x0000000000000002;7.8;47.764190;-3.507105
2021-01-28;23:58:25.090;5.0;78;0.98;15;3.86;11.62;7.4;95.2;247;-2.9;1.8;-0.08;0.02;36;3817;380;123.2;80.1;47.764388 -3.507085;78.8;0.0;-4;576;19;12;-163;1024;-1;0;1;-1;0x0000000000000002;7.7;47.764388;-3.507085
2021-01-28;23:58:26.090;5.0;78;0.64;15;3.87;11.61;7.3;92.1;250;-2.7;3.9;-0.12;-0.01;43;3818;360;120.9;81.8;47.764631 -3.507070;81.4;0.0;-4;694;17;23;-163;1024;-1;0;1;-1;0x0000000000000002;7.7;47.764631;-3.507070
2021-01-28;23:58:27.090;5.0;80;0.95;15;3.86;11.6;7.3;88.8;252;-4.6;5.4;-0.12;0.02;44;3818;339;117.1;82.5;47.764836 -3.507038;83.5;0.0;-4;724;17;12;-163;1024;-1;0;1;-1;0x0000000000000002;7.7;47.764836;-3.507038
2021-01-28;23:58:28.090;5.0;80;0.97;15;3.87;11.61;7.3;85.1;254;-4.6;4.9;-0.16;-0.01;48;3819;318;113.2;85.7;47.765006 -3.507018;86.6;0.0;-4;724;17;10;-163;1024;-1;0;1;-1;0x0000000000000002;7.7;47.765006;-3.507018
2021-01-28;23:58:29.090;5.0;80;1.09;15;3.86;11.6;7.3;81.2;256;-4.6;4.5;-0.17;0.0;55;3819;285;106.2;87.4;47.765223 -3.506990;89.0;0.0;-4;687;17;10;-163;1024;-1;0;1;-1;0x0000000000000002;7.7;47.765223;-3.506990
2021-01-28;23:58:30.090;5.0;82;0.94;15;3.86;11.6;7.2;75.4;257;-4.6;5.3;-0.18;0.02;62;3819;263;101.4;89.7;47.765401 -3.506963;90.1;0.0;-4;689;19;10;-163;1024;-1;0;1;-1;0x0000000000000002;7.7;47.765401;-3.506963
2021-01-28;23:58:31.100;5.0;82;1.05;15;3.87;11.61;7.2;71.3;260;-4.4;7.2;-0.22;0.05;68;3819;240;97.3;90.4;47.765715 -3.506910;92.0;0.0;-4;664;17;9;-163;1024;-1;0;1;-1;0x0000000000000322;7.7;47.765715;-3.506910
2021-01-28;23:58:32.100;5.0;82;1.16;15;3.86;11.59;7.2;67.4;262;-3.8;7.2;-0.21;-0.01;80;3820;218;92.4;90.0;47.765893 -3.506866;93.1;0.0;-2;634;17;7;-166;1024;-1;0;1;-1;0x0000000000000002;7.7;47.765893;-3.506866
2021-01-28;23:58:33.100;5.0;84;0.92;15;3.86;11.59;7.2;64.0;264;-3.4;8.3;-0.2;-0.01;89;3820;184;89.1;89.6;47.766115 -3.506826;91.6;0.0;-2;638;17;7;-166;1024;-1;0;1;-1;0x0000000000000002;7.7;47.766115;-3.506826
2021-01-28;23:58:34.100;5.0;84;1.17;15;3.86;11.58;7.2;60.7;266;-3.6;9.7;-0.18;-0.01;98;3820;162;83.8;88.0;47.766291 -3.506773;90.3;0.0;-4;649;17;7;-163;1024;-1;0;1;-1;0x0000000000000002;7.7;47.766291;-3.506773
2021-01-28;23:58:35.100;5.0;86;0.91;15;3.86;11.58;7.2;55.3;268;-3.7;10.4;-0.19;0.0;106;3820;140;80.7;87.5;47.766595 -3.506701;89.4;0.0;-2;648;16;7;-163;1024;-1;0;1;-1;0x0000000000000002;7.7;47.766595;-3.506701
2021-01-28;23:58:36.100;5.0;88;0.98;15;3.86;11.58;7.2;51.6;270;-4.0;11.8;-0.17;-0.01;121;3820;118;77.0;87.3;47.766808 -3.506636;89.4;0.0;-2;661;16;7;-163;1024;-1;0;1;-1;0x0000000000000002;7.7;47.766808;-3.506636
2021-01-28;23:58:37.100;5.0;90;1.0;15;3.85;11.58;7.2;47.7;272;-4.0;13.2;-0.18;0.0;134;3820;97;73.8;86.9;47.766978 -3.506580;89.4;0.0;-4;651;16;7;-166;1024;-1;0;1;-1;0x0000000000000002;7.7;47.766978;-3.506580
2021-01-28;23:58:38.100;5.0;90;0.99;15;3.85;11.58;7.2;44.2;274;-3.7;14.6;-0.17;-0.02;143;3820;65;68.6;87.0;47.767190 -3.506503;89.2;0.0;-4;592;16;104;-163;1024;-1;0;1;-1;0x0000000000000002;7.7;47.767190;-3.506503
2021-01-28;23:58:39.100;5.0;92;1.14;15;3.85;11.57;7.3;40.0;276;-2.7;15.7;-0.17;-0.01;159;3820;44;65.6;86.6;47.767358 -3.506438;88.5;0.0;-4;272;17;401;-163;1024;-1;0;1;-1;0x0000000000000002;7.7;47.767358;-3.506438
2021-01-28;23:58:40.100;5.0;88;1.0;15;3.85;11.56;7.3;39.2;278;-0.2;18.8;-0.13;0.01;190;3820;28;64.8;83.9;47.767645 -3.506298;86.1;0.0;-4;79;19;619;-166;1024;-1;0;1;-1;0x0000000000000002;7.7;47.767645;-3.506298
2021-01-28;23:58:41.100;5.0;84;1.01;15;3.85;11.56;7.4;39.1;280;0.6;27.2;-0.08;-0.01;268;3820;24;64.9;81.4;47.767831 -3.506175;82.5;0.0;-2;-239;23;462;-163;1024;-1;0;1;-1;0x0000000000000002;7.7;47.767831;-3.506175
2021-01-28;23:58:42.100;5.0;86;1.16;15;3.85;11.57;7.4;39.7;282;1.6;30.6;-0.03;0.02;305;3819;43;65.6;77.3;47.767970 -3.506060;78.8;0.0;-2;-382;22;689;-163;1024;-1;0;1;-1;0x0000000000000002;7.7;47.767970;-3.506060
2021-01-28;23:58:43.100;5.0;84;1.14;15;3.84;11.56;7.5;40.9;284;1.7;40.2;-0.01;0.0;398;3819;61;68.0;73.0;47.768123 -3.505896;73.3;0.0;-4;-403;22;678;-163;1024;-1;0;1;-1;0x0000000000000002;7.7;47.768123;-3.505896
2021-01-28;23:58:44.100;5.0;78;1.03;15;3.84;11.54;7.5;43.1;287;1.9;49.4;0.02;0.01;482;3819;79;69.3;70.3;47.768270 -3.505663;71.1;0.0;-4;-388;20;686;-163;1024;-1;0;1;-1;0x0000000000000002;7.7;47.768270;-3.505663
2021-01-28;23:58:45.100;5.0;72;1.05;15;3.84;11.54;7.5;44.2;289;1.2;65.9;0.03;0.0;646;3820;97;70.4;69.4;47.768358 -3.505438;69.2;0.0;-4;-397;26;570;-163;1024;-1;0;1;-1;0x0000000000000002;7.7;47.768358;-3.505438
2021-01-28;23:58:46.100;5.0;76;1.02;15;3.84;11.53;7.6;44.9;290;1.2;76.5;0.03;0.0;770;3820;114;70.5;69.9;47.768403 -3.505241;69.0;0.0;-4;-359;27;606;-163;1024;-1;0;1;-1;0x0000000000000002;7.7;47.768403;-3.505241
2021-01-28;23:58:47.100;5.0;76;1.05;15;3.84;11.54;7.6;45.3;292;0.6;88.0;0.01;0.01;868;3820;138;69.4;70.8;47.768430 -3.504983;70.1;0.0;-2;-390;26;554;-163;1024;-1;0;1;-1;0x0000000000000002;7.7;47.768430;-3.504983
2021-01-28;23:58:48.100;5.0;68;1.06;15;3.84;11.52;7.5;45.1;294;0.6;99.6;-0.01;0.01;1002;3820;153;67.4;74.4;47.768420 -3.504768;72.2;0.0;-2;-472;26;583;-163;1024;-1;0;1;-1;0x0000000000000002;7.7;47.768420;-3.504768
2021-01-28;23:58:49.100;5.0;66;1.63;15;3.84;11.53;7.4;44.4;297;0.7;114.4;-0.05;0.0;1139;3820;162;65.9;76.1;47.768355 -3.504448;73.7;0.0;-1;-760;25;567;-166;1024;-1;0;1;-1;0x0000000000000002;7.7;47.768355;-3.504448
2021-01-28;23:58:50.100;5.0;70;1.23;15;3.84;11.53;7.4;44.3;299;2.4;123.8;-0.05;0.0;1230;3819;180;63.6;77.6;47.768225 -3.504165;77.0;0.0;-1;-858;25;647;-163;1024;-1;0;1;-1;0x0000000000000002;7.7;47.768225;-3.504165
2021-01-28;23:58:51.100;5.0;72;0.97;15;3.84;11.52;7.4;44.6;301;2.1;145.5;-0.04;0.0;1405;3818;191;63.3;76.2;47.768078 -3.503981;76.6;0.0;-1;-883;26;739;-163;1024;-1;0;1;-1;0x0000000000000002;7.7;47.768078;-3.503981
2021-01-28;23:58:52.100;5.0;72;0.91;15;3.84;11.52;7.4;44.4;303;1.4;157.3;-0.03;0.0;1584;3820;199;63.3;74.2;47.767911 -3.503856;75.9;0.0;-1;-822;25;665;-166;1024;-1;0;1;-1;0x0000000000000002;7.7;47.767911;-3.503856
2021-01-28;23:58:53.100;5.0;74;1.08;15;3.83;11.51;7.4;43.2;305;0.9;167.9;-0.02;0.01;1670;3820;204;63.1;73.1;47.767771 -3.503793;75.0;0.0;0;-843;23;681;-166;1024;-1;0;1;-1;0x0000000000000002;7.7;47.767771;-3.503793
2021-01-28;23:58:54.100;5.0;78;1.12;15;3.83;11.51;7.4;41.8;307;0.8;177.4;-0.02;-0.01;1778;3820;209;63.2;70.3;47.767591 -3.503763;73.7;0.0;-1;-874;25;725;-163;1024;-1;0;1;-1;0x0000000000000002;7.7;47.767591;-3.503763
2021-01-28;23:58:55.100;5.0;78;1.08;15;3.83;11.5;7.5;40.3;310;0.2;187.6;0.0;-0.02;1895;3820;210;64.0;67.2;47.767386 -3.503775;72.4;0.0;0;-859;23;742;-163;1024;-1;0;1;-1;0x0000000000000002;7.7;47.767386;-3.503775
2021-01-28;23:58:56.100;5.0;80;1.04;15;3.83;11.5;7.5;39.6;312;-0.4;203.5;0.01;0.0;2042;3820;210;65.2;64.4;47.767231 -3.503871;71.1;0.0;-1;-734;19;726;-163;1024;-1;0;1;-1;0x0000000000000002;7.7;47.767231;-3.503871
2021-01-28;23:58:57.100;5.0;78;1.2;15;3.83;11.5;7.6;38.4;314;-1.2;213.4;0.02;0.0;2149;3820;208;65.8;63.3;47.767120 -3.503961;70.1;0.0;10;-778;32;741;-163;1024;-1;0;1;-1;0x0000000000000002;7.7;47.767120;-3.503961
2021-01-28;23:58:58.100;5.0;78;1.19;15;3.83;11.49;7.6;37.8;315;-0.5;225.3;0.03;0.0;2260;3820;202;66.4;62.0;47.767001 -3.504110;70.5;0.0;10;-772;30;789;-163;1024;-1;0;1;-1;0x0000000000000002;7.7;47.767001;-3.504110
2021-01-28;23:58:59.100;5.0;78;1.04;15;3.83;11.48;7.6;38.1;317;-0.2;237.4;0.03;0.0;2393;3820;195;67.3;59.7;47.766928 -3.504251;68.8;0.0;7;-752;38;753;-163;1024;-1;0;1;-1;0x0000000000000002;7.7;47.766928;-3.504251
2021-01-28;23:59:00.100;5.0;78;1.11;15;3.82;11.47;7.9;38.7;320;0.3;256.3;0.05;0.01;2512;3820;186;67.9;58.8;47.766851 -3.504533;68.5;0.0;-4;-661;73;778;-163;1024;-1;0;1;-1;0x0000000000000002;7.7;47.766851;-3.504533
2021-01-28;23:59:01.100;5.0;82;0.96;15;3.82;11.47;7.9;39.3;322;-0.4;269.7;0.04;0.01;2715;3819;176;68.3;58.9;47.766843 -3.504748;68.1;0.0;-2;-554;70;784;-163;1024;-1;0;1;-1;0x0000000000000002;7.7;47.766843;-3.504748
2021-01-28;23:59:02.100;5.0;86;0.89;15;3.82;11.47;7.9;39.2;324;-0.8;283.2;0.01;0.0;2839;3820;157;67.6;60.8;47.766861 -3.504925;70.0;0.0;-4;-405;72;717;-163;1024;-1;0;1;-1;0x0000000000000002;7.7;47.766861;-3.504925
2021-01-28;23:59:03.100;5.0;88;0.88;15;3.81;11.46;7.8;38.6;326;-1.2;296.5;-0.03;-0.01;2982;3820;142;64.4;65.8;47.766923 -3.505141;74.2;0.0;-4;9;70;-90;-163;1024;-1;0;1;-1;0x0000000000000002;7.7;47.766923;-3.505141
2021-01-28;23:59:04.100;5.0;88;1.07;15;3.82;11.46;7.7;36.2;329;-2.2;305.0;-0.07;0.0;3062;3820;125;61.2;70.8;47.767043 -3.505306;78.8;0.0;-2;-6;70;-605;-163;1024;-1;0;1;-1;0x0000000000000002;7.7;47.767043;-3.505306
2021-01-28;23:59:05.100;5.0;88;1.16;15;3.81;11.45;7.7;33.8;331;-1.9;310.0;-0.12;0.0;3113;3820;107;56.9;74.4;47.767161 -3.505596;83.1;0.0;-2;-93;69;-836;-163;1024;-1;0;1;-1;0x0000000000000002;7.7;47.767161;-3.505596
2021-01-28;23:59:06.100;5.0;86;1.0;15;3.82;11.46;7.7;31.5;333;-1.8;309.6;-0.16;0.01;3103;3820;87;53.8;77.0;47.767265 -3.505768;84.0;0.0;-4;-146;69;-811;-163;1024;-1;0;1;-1;0x0000000000000002;7.7;47.767265;-3.505768
2021-01-28;23:59:07.100;5.0;86;1.09;15;3.81;11.46;7.6;29.2;335;-1.2;307.2;-0.11;0.0;3081;3820;58;50.1;77.9;47.767386 -3.505993;84.6;0.0;-2;-320;69;-934;-163;1024;-1;0;1;-1;0x0000000000000002;7.7;47.767386;-3.505993
2021-01-28;23:59:08.100;5.0;88;1.16;15;3.81;11.45;7.7;26.5;337;-0.8;302.5;-0.09;0.0;3032;3820;40;49.3;75.5;47.767478 -3.506180;83.3;0.0;-2;-459;70;-954;-163;1024;-1;0;1;-1;0x0000000000000002;7.7;47.767478;-3.506180
2021-01-28;23:59:09.100;5.0;90;1.23;15;3.81;11.44;7.7;25.7;340;-0.2;293.4;-0.06;-0.01;2964;3820;26;50.0;72.5;47.767601 -3.506518;80.1;0.0;-2;-502;69;-959;-163;1024;-1;0;1;-1;0x0000000000000002;7.7;47.767601;-3.506518
2021-01-28;23:59:10.100;5.0;92;1.17;15;3.81;11.43;7.8;25.5;342;0.5;284.4;0.01;-0.01;2854;3820;22;52.0;67.1;47.767656 -3.506758;76.8;0.0;-2;-597;70;-925;-163;1024;-1;0;1;-1;0x0000000000000002;7.7;47.767656;-3.506758
2021-01-28;23:59:11.100;5.0;92;1.05;15;3.8;11.42;7.9;26.5;344;0.6;279.1;0.06;-0.02;2784;3820;37;54.8;61.0;47.767680 -3.506940;72.4;0.0;-2;-579;70;-928;-163;1024;-1;0;1;-1;0x0000000000000002;7.7;47.767680;-3.506940
2021-01-28;23:59:12.100;5.0;90;1.02;15;3.8;11.42;7.9;27.9;346;0.7;270.0;0.11;-0.01;2687;3820;50;60.1;52.7;47.767688 -3.507150;65.0;0.0;-2;-560;70;-887;-163;1024;-1;0;1;-1;0x0000000000000002;7.7;47.767688;-3.507150
2021-01-28;23:59:13.100;5.0;88;0.94;15;3.8;11.42;8.0;31.0;349;0.8;257.7;0.14;-0.01;2575;3820;63;63.0;48.6;47.767658 -3.507300;61.3;0.0;-4;-477;70;-849;-163;1024;-1;0;1;-1;0x0000000000000002;7.7;47.767658;-3.507300
2021-01-28;23:59:14.100;5.0;86;1.03;15;3.8;11.41;8.0;33.2;351;0.8;234.7;0.16;-0.01;2343;3820;75;65.9;47.5;47.767601 -3.507525;58.7;0.0;-4;-453;72;-725;-163;1024;-1;0;1;-1;0x0000000000000002;7.7;47.767601;-3.507525
2021-01-28;23:59:15.100;5.0;86;1.02;15;3.8;11.4;8.1;35.5;353;1.0;217.2;0.16;0.0;2146;3820;86;67.5;48.9;47.767533 -3.507623;58.1;0.0;-4;-408;150;-531;-163;1024;-1;0;1;-1;0x0000000000000002;7.7;47.767533;-3.507623
2021-01-28;23:59:16.100;5.0;86;1.09;15;3.79;11.39;8.6;37.7;355;1.4;202.9;0.14;0.01;2026;3820;101;68.9;51.6;47.767420 -3.507711;60.3;0.0;-4;-448;139;-479;-163;1024;-1;0;1;-1;0x0000000000000002;7.7;47.767420;-3.507711
2021-01-28;23:59:17.100;5.0;86;1.01;15;3.79;11.38;8.5;39.9;357;2.0;190.2;0.11;-0.01;1884;3820;110;69.2;57.9;47.767315 -3.507755;63.3;0.0;-4;-655;139;223;-163;1024;-1;0;1;-1;0x0000000000000002;7.7;47.767315;-3.507755
2021-01-28;23:59:18.100;5.0;86;0.78;15;3.79;11.38;8.5;43.6;360;2.2;175.5;0.1;-0.01;1780;3820;119;69.7;60.5;47.767106 -3.507755;65.0;0.0;-5;-445;139;211;-163;1024;-1;0;1;-1;0x0000000000000002;7.7;47.767106;-3.507755
2021-01-28;23:59:19.100;5.0;86;1.25;15;3.78;11.36;8.5;45.0;362;2.7;169.8;0.07;0.0;1684;3820;127;69.7;64.1;47.766950 -3.507716;66.6;0.0;-7;-502;141;458;-163;1024;-1;0;1;-1;0x0000000000000002;7.7;47.766950;-3.507716
2021-01-28;23:59:20.100;5.0;86;1.21;15;3.79;11.37;8.4;46.2;365;1.1;164.6;0.05;0.0;1654;3820;142;70.0;65.8;47.766823 -3.507668;68.3;0.0;-7;-439;141;456;-166;1024;-1;0;1;-1;0x0000000000000002;7.7;47.766823;-3.507668
2021-01-28;23:59:21.100;5.0;82;1.03;15;3.78;11.38;8.4;46.3;367;1.2;162.0;0.03;0.0;1616;3820;153;69.4;69.7;47.766691 -3.507591;70.7;0.0;-5;-406;139;447;-129;1024;-1;0;1;-1;0x0000000000000002;7.7;47.766691;-3.507591
2021-01-28;23:59:22.100;5.0;82;1.05;15;3.79;11.37;8.4;46.1;370;1.0;160.0;0.03;-0.01;1598;3820;164;69.3;71.2;47.766526 -3.507520;71.8;0.0;-4;-418;141;417;-129;643;-1;0;1;-1;0x0000000000000002;7.7;47.766526;-3.507520
2021-01-28;23:59:23.100;5.0;80;1.11;15;3.78;11.35;8.4;45.9;372;0.9;157.0;0.02;-0.01;1572;3820;177;69.6;71.5;47.766293 -3.507380;72.9;0.0;-4;-412;141;331;-126;-86;-1;0;1;-1;0x0000000000000002;7.7;47.766293;-3.507380
2021-01-28;23:59:24.100;5.0;78;1.2;15;3.78;11.35;8.4;46.1;374;1.7;156.6;0.05;-0.01;1564;3820;190;70.2;70.8;47.766161 -3.507295;72.4;0.0;-4;-627;139;443;-129;-102;-1;0;1;-1;0x0000000000000002;7.7;47.766161;-3.507295
2021-01-28;23:59:25.100;5.0;78;0.8;15;3.78;11.34;8.4;47.2;376;2.0;156.4;0.07;0.0;1566;3820;210;73.4;68.2;47.766001 -3.507193;69.4;0.0;-4;-322;139;104;-129;-99;-1;0;1;-1;0x0000000000000002;7.7;47.766001;-3.507193
2021-01-28;23:59:26.100;5.0;76;1.12;15;3.78;11.34;8.4;47.9;378;0.4;155.1;0.08;0.0;1556;3820;224;75.2;66.6;47.765878 -3.507113;68.1;0.0;-4;-433;139;-272;-129;-99;-1;0;1;-1;0x0000000000000002;7.7;47.765878;-3.507113
2021-01-28;23:59:27.100;5.0;76;0.98;15;3.78;11.34;8.4;48.6;381;0.8;152.8;0.08;0.0;1534;3820;238;76.8;65.7;47.765670 -3.506961;67.0;0.0;-4;-361;139;-333;-126;-102;-1;0;1;-1;0x0000000000000002;7.7;47.765670;-3.506961
2021-01-28;23:59:28.100;5.0;74;1.13;15;3.77;11.32;8.5;49.3;384;0.6;147.4;0.09;-0.01;1480;3820;251;78.5;65.5;47.765528 -3.506838;65.9;0.0;-1;-289;153;-77;-129;-102;-1;0;1;-1;0x0000000000000002;7.7;47.765528;-3.506838
2021-01-28;23:59:29.100;5.0;74;0.98;15;3.77;11.32;8.5;50.2;386;0.1;144.4;0.09;0.0;1443;3820;271;79.8;65.5;47.765418 -3.506728;66.4;0.0;-1;-290;150;6;-129;-102;-1;0;1;-1;0x0000000000000002;7.7;47.765418;-3.506728
2021-01-28;23:59:30.100;5.0;74;1.08;15;3.77;11.32;8.6;50.9;388;1.3;142.7;0.1;-0.06;1421;3820;284;81.6;65.5;47.765286 -3.506581;66.4;0.0;18;-460;157;6;-129;-102;-1;0;1;-1;0x0000000000000002;7.7;47.765286;-3.506581
2021-01-28;23:59:31.100;5.0;74;0.98;15;3.77;11.31;9.0;53.9;391;1.8;140.3;0.13;0.0;1400;3820;296;83.5;63.6;47.765136 -3.506460;65.3;0.0;-2;-450;206;7;-129;-102;-1;0;1;-1;0x0000000000000002;7.7;47.765136;-3.506460
2021-01-28;23:59:32.100;5.0;72;0.97;15;3.76;11.3;9.3;55.8;394;1.8;136.8;0.15;0.0;1365;3820;309;85.8;63.2;47.765020 -3.506238;64.2;0.0;11;-384;226;7;-126;-102;-1;0;1;-1;0x0000000000000002;7.7;47.765020;-3.506238
2021-01-28;23:59:33.100;5.0;70;1.2;15;3.76;11.29;9.2;57.9;396;1.7;135.0;0.13;0.0;1346;3820;321;87.7;62.3;47.764930 -3.506108;64.8;0.0;2;-421;228;82;-129;-102;-1;0;1;-1;0x0000000000000002;7.7;47.764930;-3.506108
2021-01-28;23:59:34.100;5.0;70;0.98;15;3.76;11.28;9.2;60.3;398;2.8;132.7;0.14;0.0;1326;3820;339;91.2;61.9;47.764823 -3.505941;64.4;0.0;20;-426;231;161;-129;-102;-1;0;1;-1;0x0000000000000002;7.7;47.764823;-3.505941
2021-01-28;23:59:35.100;5.0;70;0.76;15;3.75;11.26;9.8;64.3;401;2.5;131.3;0.15;0.0;1318;3820;350;94.1;59.8;47.764743 -3.505808;63.8;0.0;24;-218;307;10;-126;-102;-1;0;1;-1;0x0000000000000002;7.7;47.764743;-3.505808
2021-01-28;23:59:36.100;5.0;70;0.96;15;3.75;11.27;9.8;66.2;404;1.7;130.8;0.16;0.0;1309;3820;362;95.6;60.7;47.764605 -3.505571;64.4;0.0;11;-60;304;-345;-129;-102;-1;0;1;-1;0x0000000000000002;7.7;47.764605;-3.505571
2021-01-28;23:59:37.100;5.0;70;1.13;15;3.75;11.25;9.8;68.1;407;1.9;126.9;0.14;0.01;1279;3819;374;97.5;61.9;47.764506 -3.505393;65.7;0.0;5;-18;306;-184;-129;-99;-1;0;1;-1;0x0000000000000002;7.7;47.764506;-3.505393
2021-01-28;23:59:38.100;5.0;70;1.01;15;3.75;11.25;9.8;69.9;409;1.2;125.7;0.15;-0.01;1255;3819;392;99.1;63.1;47.764433 -3.505241;66.4;0.0;0;-13;306;-149;-129;-147;-1;0;1;-1;0x0000000000000002;7.7;47.764433;-3.505241
2021-01-28;23:59:39.100;5.0;70;1.09;15;3.75;11.24;9.7;71.2;412;1.0;122.3;0.13;0.02;1241;3819;404;100.9;65.4;47.764343 -3.505045;67.7;0.0;4;-271;310;9;-129;-298;-1;0;1;-1;0x0000000000000002;7.7;47.764343;-3.505045
2021-01-28;23:59:40.100;5.0;70;0.9;15;3.74;11.24;9.8;73.4;415;1.4;122.7;0.11;-0.03;1227;3819;417;102.0;65.8;47.764236 -3.504881;68.5;0.0;-1;-135;309;-4;-129;-298;-1;0;1;-1;0x0000000000000002;7.7;47.764236;-3.504881
2021-01-28;23:59:41.100;5.0;68;0.96;15;3.74;11.23;9.8;74.2;417;1.4;122.0;0.12;-0.01;1211;3819;431;103.5;66.4;47.764185 -3.504671;68.5;0.0;5;-131;309;-293;-129;-298;-1;0;1;-1;0x0000000000000002;7.7;47.764185;-3.504671
2021-01-28;23:59:42.100;5.0;70;1.1;15;3.74;11.23;9.8;76.1;420;1.4;118.9;0.09;0.0;1193;3819;439;104.8;67.4;47.764083 -3.504415;68.5;0.0;0;-55;303;-247;-129;-298;-1;0;1;-1;0x0000000000000002;7.7;47.764083;-3.504415
2021-01-28;23:59:43.100;5.0;70;1.05;15;3.74;11.23;9.6;78.2;423;1.4;117.2;0.07;-0.01;1176;3819;458;106.6;68.6;47.763990 -3.504143;71.3;0.0;-1;-112;304;-196;-129;-298;-1;0;1;-1;0x0000000000000002;7.7;47.763990;-3.504143
2021-01-28;23:59:44.100;5.0;70;0.99;15;3.74;11.22;9.6;79.0;425;1.2;114.7;0.07;0.0;1153;3819;475;108.3;68.6;47.763946 -3.504006;71.8;0.0;-1;-111;304;-152;-126;-298;-1;0;1;-1;0x0000000000000002;7.7;47.763946;-3.504006
2021-01-28;23:59:45.100;5.0;68;0.98;15;3.74;11.21;9.6;80.8;428;1.0;112.8;0.07;-0.01;1124;3819;484;109.1;68.6;47.763863 -3.503726;72.5;0.0;-1;-316;304;25;-129;-298;-1;0;1;-1;0x0000000000000002;7.7;47.763863;-3.503726
2021-01-28;23:59:46.100;5.0;68;1.25;15;3.73;11.21;9.7;81.7;430;1.7;111.1;0.09;0.0;1113;3818;502;110.7;67.3;47.763825 -3.503585;71.3;0.0;0;-67;306;7;-129;-298;-1;0;1;-1;0x0000000000000002;7.7;47.763825;-3.503585
2021-01-28;23:59:47.100;5.0;68;1.09;15;3.73;11.21;9.7;84.2;433;0.8;111.1;0.1;0.0;1111;3818;510;112.1;66.8;47.763753 -3.503258;70.0;0.0;-1;-277;304;184;-129;-298;-1;0;1;-1;0x0000000000000002;7.7;47.763753;-3.503258
2021-01-28;23:59:48.100;5.0;68;1.1;15;3.73;11.2;9.8;86.3;437;1.7;111.4;0.09;0.04;1104;3819;528;114.4;66.9;47.763670 -3.502978;69.8;0.0;-2;-271;304;270;-129;-298;-1;0;1;-1;0x0000000000000002;7.7;47.763670;-3.502978
2021-01-28;23:59:49.100;5.0;64;0.96;15;3.73;11.19;9.8;87.4;438;1.7;111.1;0.13;0.02;1109;3819;546;116.8;66.6;47.763635 -3.502840;68.5;0.0;45;-210;307;121;-129;-298;-1;0;1;-1;0x0000000000000002;7.7;47.763635;-3.502840
2021-01-28;23:59:50.100;5.0;68;0.69;15;3.73;11.19;9.8;89.7;442;0.4;112.9;0.12;0.0;1129;3819;555;118.2;66.2;47.763560 -3.502566;67.5;0.0;27;263;306;4;-126;-298;-1;0;1;-1;0x0000000000000002;7.7;47.763560;-3.502566
2021-01-28;23:59:51.100;5.0;68;1.13;15;3.72;11.17;9.9;90.0;444;0.2;113.2;0.1;0.0;1130;3819;575;119.1;69.2;47.763521 -3.502383;69.0;0.0;31;275;369;4;-126;-298;-1;0;1;-1;0x0000000000000002;7.7;47.763521;-3.502383
2021-01-28;23:59:52.100;5.0;68;0.98;15;3.72;11.15;10.1;90.7;447;-0.1;113.3;0.07;-0.02;1141;3818;585;119.6;70.3;47.763425 -3.502098;70.5;0.0;25;290;369;6;-129;-298;-1;0;1;-1;0x0000000000000002;7.7;47.763425;-3.502098
2021-01-28;23:59:53.100;5.0;68;1.11;15;3.72;11.16;10.0;91.2;451;-0.1;114.0;0.06;0.01;1148;3819;606;119.8;72.8;47.763333 -3.501806;73.8;0.0;31;123;366;7;-129;-295;-1;0;1;-1;0x0000000000000002;7.7;47.763333;-3.501806
2021-01-28;23:59:54.100;5.0;68;1.1;15;3.72;11.16;10.0;91.6;452;0.6;116.5;0.02;0.01;1167;3819;629;120.4;73.9;47.763285 -3.501658;75.3;0.0;21;84;368;6;-126;-298;-1;0;1;-1;0x0000000000000002;7.7;47.763285;-3.501658
2021-01-28;23:59:55.100;5.0;68;0.91;15;3.71;11.15;10.0;93.2;456;0.6;117.9;0.05;0.01;1189;3819;641;121.0;74.1;47.763181 -3.501318;77.0;0.0;2;76;366;6;-126;-298;-1;0;1;-1;0x0000000000000002;7.7;47.763181;-3.501318
2021-01-28;23:59:56.100;5.0;66;1.0;15;3.71;11.15;10.0;93.8;458;0.7;119.2;0.04;0.0;1197;3820;664;122.2;74.1;47.763110 -3.501175;76.8;0.0;-2;26;256;6;-132;-295;-1;0;1;-1;0x0000000000000002;7.7;47.763110;-3.501175
2021-01-28;23:59:57.100;5.0;68;1.08;15;3.72;11.17;9.1;95.1;461;0.9;122.3;0.02;0.0;1223;3820;676;122.6;73.8;47.762995 -3.500893;76.6;0.0;1;19;247;7;-138;-295;-1;0;1;-1;0x0000000000000002;7.7;47.762995;-3.500893
2021-01-28;23:59:58.120;5.0;68;1.01;15;3.72;11.16;9.1;96.5;464;1.0;124.1;0.02;-0.01;1242;3820;701;123.8;72.5;47.762871 -3.500756;74.8;0.0;1;20;247;7;-135;-298;-1;0;1;-1;0x0000000000000342;7.7;47.762871;-3.500756
2021-01-28;23:59:59.120;5.0;66;0.93;15;3.72;11.16;9.1;97.1;466;0.7;127.0;0.03;0.01;1272;3820;725;124.3;72.0;47.762808 -3.500493;74.4;0.0;0;19;247;-128;-132;-298;-1;0;1;-1;0x0000000000000342;7.7;47.762808;-3.500493
2021-01-29;00:00:00.120;5.0;66;1.07;15;3.72;11.17;9.1;98.2;469;1.0;130.8;0.04;-0.01;1310;3820;738;125.3;71.2;47.762650 -3.500206;74.6;0.0;-1;9;249;-98;-132;-298;-1;0;1;-1;0x0000000000000342;7.7;47.762650;-3.500206
2021-01-29;00:00:01.120;5.0;64;1.13;15;3.71;11.16;9.1;98.9;471;0.8;132.2;0.05;0.01;1321;3819;762;126.6;70.6;47.762580 -3.500088;73.8;0.0;-1;-61;250;-3;-129;-298;-1;0;1;-1;0x0000000000000342;7.7;47.762580;-3.500088
2021-01-29;00:00:02.120;5.0;64;1.12;15;3.72;11.16;9.1;100.0;474;1.1;136.1;0.04;0.01;1361;3819;775;127.2;70.6;47.762431 -3.499861;72.9;0.0;0;-186;250;9;-132;-298;-1;0;1;-1;0x0000000000000342;7.7;47.762431;-3.499861
2021-01-29;00:00:03.120;5.0;64;0.97;15;3.71;11.15;9.1;101.7;477;1.3;138.5;0.05;0.0;1387;3819;799;128.7;69.3;47.762355 -3.499755;73.1;0.0;-1;-182;249;9;-132;-298;-1;0;1;-1;0x0000000000000342;7.7;47.762355;-3.499755
2021-01-29;00:00:04.120;5.0;62;1.04;15;3.71;11.14;9.1;102.3;479;1.0;143.4;0.06;-0.01;1428;3820;811;129.5;69.0;47.762166 -3.499528;72.5;0.0;4;-263;253;6;-132;-298;-1;0;1;-1;0x0000000000000342;7.7;47.762166;-3.499528
2021-01-29;00:00:05.120;5.0;62;0.98;15;3.71;11.14;9.2;103.7;482;1.4;146.2;0.05;-0.02;1454;3820;835;131.0;68.3;47.761995 -3.499356;72.0;0.0;2;-353;253;53;-132;-298;-1;0;1;-1;0x0000000000000342;7.7;47.761995;-3.499356
2021-01-29;00:00:06.120;5.0;60;1.04;15;3.71;11.14;9.1;104.7;483;1.8;150.8;0.06;0.0;1525;3819;859;132.9;67.5;47.761906 -3.499281;71.4;0.0;0;-287;251;12;-132;-298;-1;0;1;-1;0x0000000000000342;7.7;47.761906;-3.499281
2021-01-29;00:00:07.120;5.0;62;1.04;15;3.71;11.13;9.2;106.6;487;1.5;157.9;0.05;-0.01;1585;3819;870;133.8;66.2;47.761725 -3.499155;71.4;0.0;0;-310;251;67;-132;-298;-1;0;1;-1;0x0000000000000342;7.7;47.761725;-3.499155
2021-01-29;00:00:08.120;5.0;62;0.98;15;3.71;11.13;9.2;107.4;488;1.5;161.5;0.06;0.0;1618;3819;892;135.4;65.2;47.761631 -3.499090;70.9;0.0;0;-387;251;187;-132;-298;-1;0;1;-1;0x0000000000000342;7.7;47.761631;-3.499090
2021-01-29;00:00:09.120;5.0;62;1.14;15;3.71;11.14;9.2;109.0;492;1.7;169.8;0.07;-0.02;1695;3819;902;136.4;65.0;47.761410 -3.499020;70.9;0.0;-1;-435;251;254;-132;-295;-1;0;1;-1;0x0000000000000342;7.7;47.761410;-3.499020
2021-01-29;00:00:10.120;5.0;64;0.98;15;3.71;11.12;9.2;111.1;495;1.9;174.8;0.07;-0.02;1745;3819;922;138.2;63.6;47.761218 -3.498995;70.5;0.0;0;-439;251;273;-132;-295;-1;0;1;-1;0x0000000000000342;7.7;47.761218;-3.498995
2021-01-29;00:00:11.120;5.0;64;0.94;15;3.7;11.11;9.2;112.0;496;1.6;184.4;0.07;0.0;1854;3819;939;139.7;63.4;47.761123 -3.499000;70.0;0.0;0;-448;251;325;-132;-298;-1;0;1;-1;0x0000000000000342;7.7;47.761123;-3.499000
2021-01-29;00:00:12.120;5.0;64;1.13;15;3.7;11.12;9.2;113.7;500;1.8;196.5;0.07;0.0;1969;3820;947;140.3;63.2;47.760906 -3.499060;70.3;0.0;32;-448;257;261;-132;-295;-1;0;1;-1;0x0000000000000342;7.7;47.760906;-3.499060
2021-01-29;00:00:13.120;5.0;66;1.02;15;3.7;11.1;9.2;114.6;501;1.7;202.2;0.05;0.0;2029;3820;959;141.6;63.7;47.760818 -3.499110;71.4;0.0;32;-414;257;234;-132;-298;-1;0;1;-1;0x0000000000000342;7.7;47.760818;-3.499110
2021-01-29;00:00:14.120;5.0;66;0.94;15;3.7;11.11;9.1;115.8;504;1.1;213.6;0.04;0.0;2157;3820;964;141.9;64.2;47.760651 -3.499248;71.8;0.0;18;-243;256;15;-132;-298;-1;0;1;-1;0x0000000000000342;7.7;47.760651;-3.499248
2021-01-29;00:00:15.120;5.0;66;0.96;15;3.7;11.09;9.0;115.7;508;0.3;219.3;0.02;0.0;2209;3820;971;141.6;66.8;47.760500 -3.499336;74.2;0.0;37;-353;256;145;-132;-298;-1;0;1;-1;0x0000000000000342;7.7;47.760500;-3.499336
2021-01-29;00:00:16.120;5.0;66;1.04;15;3.7;11.11;9.0;115.5;509;0.4;229.9;-0.01;0.0;2309;3820;975;141.0;68.3;47.760431 -3.499585;75.9;0.0;41;-441;256;167;-132;-298;-1;0;1;-1;0x0000000000000342;7.7;47.760431;-3.499585
2021-01-29;00:00:17.120;5.0;66;0.96;15;3.7;11.1;9.0;115.3;512;0.6;240.4;-0.03;0.0;2361;3820;976;139.9;70.4;47.760295 -3.499845;78.5;0.0;37;-406;256;70;-132;-298;-1;0;1;-1;0x0000000000000342;7.7;47.760295;-3.499845
2021-01-29;00:00:18.120;5.0;66;0.99;15;3.7;11.1;9.0;115.0;514;0.3;245.5;-0.02;0.0;2457;3819;974;139.0;72.0;47.760248 -3.499986;79.4;0.0;37;-234;253;-640;-132;-295;-1;0;1;-1;0x0000000000000342;7.7;47.760248;-3.499986
2021-01-29;00:00:19.120;5.0;64;1.07;15;3.7;11.1;8.9;113.8;517;0.0;250.7;-0.03;0.0;2529;3819;972;138.4;72.9;47.760175 -3.500290;80.9;0.0;48;-614;253;-622;-132;-298;-1;0;1;-1;0x0000000000000342;7.7;47.760175;-3.500290
2021-01-29;00:00:20.120;5.0;64;0.97;15;3.69;11.09;9.1;113.8;519;1.5;252.1;-0.02;0.0;2534;3819;967;138.3;71.6;47.760141 -3.500446;80.5;0.0;24;-614;250;-768;-132;-298;-1;0;1;-1;0x0000000000000342;7.7;47.760141;-3.500446
2021-01-29;00:00:21.120;5.0;66;1.12;15;3.69;11.08;9.0;114.1;522;1.7;252.6;0.01;-0.02;2543;3819;964;139.2;70.0;47.760073 -3.500803;79.2;0.0;15;-617;251;-855;-132;-298;-1;0;1;-1;0x0000000000000342;7.7;47.760073;-3.500803
2021-01-29;00:00:22.120;5.0;64;1.03;15;3.69;11.08;9.1;115.0;525;1.1;252.0;0.03;-0.02;2526;3819;960;142.4;65.1;47.760011 -3.501085;74.2;0.0;4;-646;251;-934;-132;-298;-1;0;1;-1;0x0000000000000342;7.7;47.760011;-3.501085
2021-01-29;00:00:23.120;5.0;64;0.97;15;3.69;11.08;9.1;115.7;527;1.3;243.6;0.09;0.0;2434;3819;959;145.8;62.7;47.759975 -3.501215;69.2;0.0;-1;-576;253;-816;-132;-298;-1;0;1;-1;0x0000000000000342;7.7;47.759975;-3.501215
2021-01-29;00:00:24.120;5.0;66;1.1;15;3.69;11.07;9.2;117.4;530;1.4;233.4;0.11;-0.01;2329;3820;961;147.6;57.7;47.759881 -3.501441;67.5;0.0;-1;-652;251;-928;-132;-298;-1;0;1;-1;0x0000000000000342;7.7;47.759881;-3.501441
2021-01-29;00:00:25.120;5.0;66;1.04;15;3.68;11.06;9.2;118.8;532;1.5;224.6;0.14;0.0;2244;3820;967;151.6;53.6;47.759828 -3.501566;63.8;0.0;-1;-630;253;-844;-132;-295;-1;0;1;-1;0x0000000000000342;7.7;47.759828;-3.501566
2021-01-29;00:00:26.130;5.0;66;1.09;15;3.68;11.07;9.3;121.9;535;1.9;205.9;0.17;-0.01;2054;3820;972;154.1;52.2;47.759676 -3.501696;62.9;0.0;-1;-700;253;-803;-132;-295;-1;0;1;-1;0x0000000000000342;7.7;47.759676;-3.501696
2021-01-29;00:00:27.130;5.0;68;1.05;15;3.68;11.06;9.3;125.8;538;2.4;193.3;0.18;-0.01;1939;3820;985;157.4;50.6;47.759526 -3.501741;60.7;0.0;-1;-683;253;-730;-132;-298;-1;0;1;-1;0x0000000000000342;7.7;47.759526;-3.501741
2021-01-29;00:00:28.130;5.0;68;0.96;15;3.68;11.05;9.3;127.8;540;2.5;168.6;0.14;-0.01;1657;3820;1003;159.9;51.3;47.759450 -3.501726;60.3;0.0;-1;-630;253;-648;-132;-298;-1;0;1;-1;0x0000000000000342;7.7;47.759450;-3.501726
2021-01-29;00:00:29.130;5.0;68;1.03;15;3.68;11.04;9.2;131.1;543;2.5;145.5;0.15;-0.01;1443;3820;1013;160.5;55.8;47.759280 -3.501608;62.0;0.0;-1;-623;253;-635;-135;-295;-1;0;1;-1;0x0000000000000342;7.7;47.759280;-3.501608
2021-01-29;00:00:30.130;5.0;68;0.98;15;3.68;11.04;9.2;132.5;545;2.5;135.3;0.11;-0.01;1344;3820;1032;160.6;61.4;47.759215 -3.501521;66.1;0.0;-1;-740;251;-576;-132;-295;-1;0;1;-1;0x0000000000000342;7.7;47.759215;-3.501521
2021-01-29;00:00:31.130;5.0;66;1.29;15;3.67;11.03;9.1;134.8;548;3.5;115.9;0.07;0.02;1135;3820;1041;160.3;64.7;47.759110 -3.501290;68.7;0.0;0;-861;253;-481;-132;-298;-1;0;1;-1;0x0000000000000342;7.7;47.759110;-3.501290
2021-01-29;00:00:32.130;5.0;64;0.99;15;3.68;11.03;9.1;137.6;551;4.4;106.5;0.06;-0.01;1044;3819;1057;160.5;67.9;47.759075 -3.501150;70.3;0.0;-1;-799;253;-515;-132;-295;-1;0;1;-1;0x0000000000000342;7.7;47.759075;-3.501150
2021-01-29;00:00:33.130;5.0;64;1.19;15;3.68;11.03;9.1;138.4;553;3.5;91.7;0.06;-0.01;915;3818;1068;160.9;68.7;47.759045 -3.500800;70.3;0.0;-1;-862;253;-610;-132;-298;-1;0;1;-1;0x0000000000000342;7.7;47.759045;-3.500800
2021-01-29;00:00:34.130;5.0;64;1.11;15;3.68;11.04;9.0;139.8;556;3.1;77.6;0.06;-0.01;839;3818;1072;162.2;69.3;47.759070 -3.500495;71.3;0.0;-1;-852;253;-605;-132;-295;-1;0;1;-1;0x0000000000000342;7.7;47.759070;-3.500495
2021-01-29;00:00:35.130;5.0;62;1.16;15;3.67;11.04;9.1;140.2;557;2.9;70.1;0.07;0.0;686;3819;1075;163.8;69.3;47.759100 -3.500346;70.3;0.0;-1;-876;251;-610;-132;-295;-1;0;1;-1;0x0000000000000342;7.7;47.759100;-3.500346
2021-01-29;00:00:36.180;5.0;62;1.04;15;3.67;11.02;9.1;141.1;561;2.5;56.5;0.09;-0.01;562;3819;1075;165.0;68.4;47.759193 -3.500073;69.4;0.0;-1;-873;251;-614;-132;-298;-1;0;1;-1;0x0000000000000342;7.7;47.759193;-3.500073
2021-01-29;00:00:37.220;5.0;64;0.89;15;3.67;11.02;9.1;142.1;564;2.3;50.5;0.1;-0.01;500;3820;1071;167.4;66.6;47.759345 -3.499806;67.7;0.0;-2;-819;251;-678;-132;-295;-1;0;1;-1;0x0000000000000342;7.7;47.759345;-3.499806
2021-01-29;00:00:38.220;5.0;64;1.07;15;3.67;11.02;9.1;142.4;565;1.7;36.9;0.11;-0.01;380;3819;1063;169.9;66.6;47.759423 -3.499710;66.8;0.0;-2;-813;250;-695;-132;-298;-1;0;1;-1;0x0000000000000342;7.7;47.759423;-3.499710
2021-01-29;00:00:39.220;5.0;64;1.08;15;3.66;11.0;9.1;143.6;569;1.7;22.1;0.12;-0.01;208;3819;1057;171.0;65.4;47.759595 -3.499566;66.4;0.0;-1;-786;251;-680;-132;-295;-1;0;1;-1;0x0000000000000342;7.7;47.759595;-3.499566
2021-01-29;00:00:40.220;5.0;64;1.03;15;3.66;11.0;9.1;144.4;570;1.8;13.9;0.12;-0.01;130;3819;1041;173.1;65.1;47.759688 -3.499521;65.7;0.0;-1;-758;251;-652;-135;-298;-1;0;1;-1;0x0000000000000342;7.7;47.759688;-3.499521
2021-01-29;00:00:41.220;5.0;64;1.13;15;3.66;11.0;9.1;146.4;573;2.1;356.8;0.12;-0.01;3564;3818;1032;173.9;65.3;47.759881 -3.499491;66.1;0.0;0;-781;251;-583;-132;-298;-1;0;1;-1;0x0000000000000342;7.7;47.759881;-3.499491
2021-01-29;00:00:42.220;5.0;66;1.06;15;3.66;11.0;9.1;149.0;577;2.4;348.5;0.12;-0.01;3485;3818;1011;175.8;64.8;47.760105 -3.499518;65.9;0.0;-1;-719;250;-547;-132;-295;-1;0;1;-1;0x0000000000000342;7.7;47.760105;-3.499518
2021-01-29;00:00:43.220;5.0;66;1.01;15;3.66;10.99;9.1;150.1;578;2.2;333.1;0.1;-0.01;3339;3819;988;176.5;64.8;47.760193 -3.499618;65.7;0.0;0;-299;247;7;-132;-295;-1;0;1;-1;0x00000000000003C2;7.7;47.760193;-3.499618
2021-01-29;00:00:44.230;5.0;68;0.58;15;3.66;10.99;9.0;150.4;581;-1.3;321.9;0.08;-0.01;3256;3819;976;176.7;66.8;47.760360 -3.499780;67.4;0.0;0;-326;247;-490;-132;-298;-1;0;1;-1;0x00000000000003C2;7.7;47.760360;-3.499780
2021-01-29;00:00:45.230;5.0;66;1.01;15;3.66;10.99;8.9;149.4;583;-0.4;316.7;0.0;-0.01;3170;3819;952;173.7;73.8;47.760441 -3.499880;74.0;0.0;-1;12;247;0;-132;-298;-1;0;1;-1;0x0000000000000342;7.7;47.760441;-3.499880
2021-01-29;00:00:46.240;5.0;66;0.9;15;3.66;10.99;8.8;147.5;586;-1.8;307.0;-0.05;-0.01;3069;3819;939;172.3;75.6;47.760613 -3.500173;77.4;0.0;-1;155;249;-119;-132;-298;-1;0;1;-1;0x0000000000000342;7.7;47.760613;-3.500173
2021-01-29;00:00:47.260;5.0;66;1.22;15;3.66;10.99;8.7;144.0;589;-2.2;303.8;-0.08;-0.01;3036;3819;914;167.5;80.2;47.760743 -3.500316;82.9;0.0;0;15;257;9;-132;-298;-1;0;1;-1;0x0000000000000342;7.7;47.760743;-3.500316
2021-01-29;00:00:48.270;5.0;66;1.1;15;3.66;10.99;8.7;142.2;591;-1.9;296.8;-0.11;-0.01;2959;3820;890;165.4;82.0;47.760801 -3.500635;84.8;0.0;0;0;253;212;-172;-295;-1;0;1;-1;0x0000000000000342;7.7;47.760801;-3.500635
2021-01-29;00:00:49.270;5.0;66;1.08;15;3.66;10.99;8.6;138.8;594;-1.7;291.2;-0.12;-0.01;2902;3820;878;161.7;83.8;47.760900 -3.501040;87.0;0.0;-1;84;246;515;-172;-298;-1;0;1;-1;0x0000000000000342;7.7;47.760900;-3.501040
2021-01-29;00:00:50.280;5.0;64;1.05;15;3.66;10.99;8.6;137.0;595;-1.3;288.7;-0.12;0.0;2881;3820;856;158.9;83.9;47.760955 -3.501220;87.5;0.0;-1;-12;247;397;-172;-298;-1;0;1;-1;0x0000000000000342;7.7;47.760955;-3.501220
2021-01-29;00:00:51.280;5.0;64;1.15;15;3.66;10.98;8.6;134.0;598;-1.6;288.6;-0.1;-0.01;2893;3820;846;157.7;83.3;47.761035 -3.501575;87.7;0.0;-2;534;241;203;-172;-298;-1;0;1;-1;0x0000000000000342;7.7;47.761035;-3.501575
2021-01-29;00:00:52.280;5.0;64;0.98;15;3.65;10.98;8.6;129.4;601;-3.7;286.9;-0.12;-0.01;2870;3818;826;155.3;82.6;47.761073 -3.501751;86.6;0.0;-2;437;232;262;-172;-298;-1;0;1;-1;0x0000000000000342;7.7;47.761073;-3.501751
2021-01-29;00:00:53.280;5.0;64;1.03;15;3.66;10.98;8.3;127.3;603;-2.9;283.6;-0.14;0.0;2834;3818;816;153.6;83.5;47.761140 -3.502110;87.4;0.0;-2;550;117;483;-169;-295;-1;0;1;-1;0x0000000000000342;7.7;47.761140;-3.502110
2021-01-29;00:00:54.280;5.0;64;0.79;15;3.66;11.0;7.6;123.2;606;-4.2;281.3;-0.14;-0.02;2819;3818;798;151.0;82.4;47.761200 -3.502533;86.4;0.0;0;618;109;615;-169;-298;-1;0;1;-1;0x0000000000000342;7.7;47.761200;-3.502533
2021-01-29;00:00:55.280;5.0;68;1.08;15;3.67;11.0;7.6;120.7;607;-4.2;281.3;-0.15;0.0;2807;3818;783;146.6;82.4;47.761223 -3.502715;85.9;0.0;2;491;109;800;-169;-298;-1;0;1;-1;0x0000000000000342;7.7;47.761223;-3.502715
2021-01-29;00:00:56.290;5.0;68;1.21;15;3.66;11.0;7.6;116.9;610;-2.8;285.4;-0.13;-0.01;2858;3818;775;145.1;82.6;47.761276 -3.503075;86.3;0.0;0;597;69;770;-169;-298;-1;0;1;-1;0x0000000000000342;7.7;47.761276;-3.503075
2021-01-29;00:00:57.330;5.0;70;1.15;15;3.66;11.0;7.4;113.6;612;-3.5;286.8;-0.14;0.0;2879;3818;759;143.1;80.8;47.761311 -3.503250;84.2;0.0;-2;561;69;805;-169;-298;-1;0;1;-1;0x0000000000000342;7.7;47.761311;-3.503250
2021-01-29;00:00:58.330;5.0;70;1.07;15;3.67;11.01;7.4;112.3;614;-2.4;295.1;-0.12;-0.01;2951;3819;740;142.0;80.5;47.761398 -3.503643;83.7;0.0;-1;610;69;744;-172;-298;-1;0;1;-1;0x0000000000000342;7.7;47.761398;-3.503643
2021-01-29;00:00:59.330;5.0;68;0.87;15;3.66;11.0;7.4;110.2;616;-4.0;300.6;-0.09;0.0;2986;3818;730;140.9;78.5;47.761530 -3.503955;80.9;0.0;-2;844;66;594;-172;-298;-1;0;1;-1;0x0000000000000342;7.7;47.761530;-3.503955
2021-01-29;00:01:00.330;5.0;70;1.51;15;3.66;11.0;6.9;107.9;617;-5.0;302.5;-0.13;0.0;3027;3819;710;137.5;78.3;47.761593 -3.504103;81.4;0.0;-1;740;4;581;-169;-298;-1;0;1;-1;0x0000000000000342;7.7;47.761593;-3.504103
2021-01-29;00:01:01.330;5.0;70;0.84;15;3.67;11.01;6.9;105.1;620;-3.3;307.7;-0.12;0.0;3084;3819;699;136.5;79.4;47.761733 -3.504391;81.6;0.0;-1;787;-1;605;-172;-298;-1;0;1;-1;0x0000000000000002;7.7;47.761733;-3.504391
2021-01-29;00:01:02.330;5.0;70;0.96;15;3.68;11.03;6.3;102.9;622;-3.4;312.9;-0.14;-0.03;3118;3819;674;133.2;79.2;47.761861 -3.504618;80.7;0.0;-2;821;-111;561;-169;-298;-1;0;1;-1;0x0000000000000002;7.7;47.761861;-3.504618
2021-01-29;00:01:03.330;5.0;70;1.73;15;3.68;11.04;6.0;101.5;624;-0.7;317.7;-0.1;0.0;3169;3819;657;131.4;78.0;47.762061 -3.504788;79.8;0.0;-1;22;-109;9;-169;-298;-1;0;1;-1;0x0000000000000002;7.7;47.762061;-3.504788
2021-01-29;00:01:04.330;5.0;70;0.85;5;3.68;11.04;5.9;104.0;625;1.3;320.3;-0.07;-0.02;3211;3819;640;133.5;70.4;47.762173 -3.505041;74.8;0.0;-5;427;-173;10;-169;-295;-1;-1;1;-1;0x0000000000000002;7.7;47.762173;-3.505041
2021-01-29;00:01:05.340;5.0;70;0.83;5;3.68;11.05;5.6;101.8;627;-7.4;322.6;-0.13;0.0;3210;3819;625;133.2;68.7;47.762308 -3.505201;69.0;0.0;-1;-33;-167;373;-169;-298;-1;-1;1;-1;0x0000000000000002;7.7;47.762308;-3.505201
2021-01-29;00:01:06.340;5.0;72;1.1;5;3.68;11.05;5.6;95.8;628;-7.6;325.2;-0.17;0.0;3225;3819;602;124.9;73.7;47.762420 -3.505333;79.6;0.0;8;15;-168;10;-169;-295;-1;-1;1;-1;0x0000000000000002;7.7;47.762420;-3.505333
2021-01-29;00:01:07.340;5.0;76;0.93;5;3.68;11.06;5.4;90.2;630;-7.8;331.4;-0.22;0.02;3303;3819;584;117.8;80.7;47.762548 -3.505490;83.8;0.0;0;85;-176;4;-169;-295;-1;-1;1;-1;0x0000000000000002;7.7;47.762548;-3.505490
2021-01-29;00:01:08.340;5.0;76;0.87;5;3.68;11.07;5.2;80.6;632;-8.1;336.0;-0.27;0.0;3346;3819;565;111.6;83.7;47.762806 -3.505651;87.2;0.0;-4;-114;-199;-123;-172;-298;-1;-1;1;-1;0x0000000000000002;7.7;47.762806;-3.505651
2021-01-29;00:01:09.340;5.0;76;0.86;5;3.69;11.08;4.8;75.1;633;-6.6;339.4;-0.3;0.0;3396;3820;544;103.9;87.2;47.763006 -3.505770;90.7;0.0;-4;26;-289;-110;-169;-298;-1;-1;1;-1;0x0000000000000002;7.7;47.763006;-3.505770
2021-01-29;00:01:10.340;5.0;76;0.94;5;3.69;11.08;4.5;69.6;634;-7.0;339.8;-0.32;-0.02;3399;3820;523;98.7;86.9;47.763171 -3.505858;90.3;0.0;-2;15;-289;9;-169;-298;-1;-1;1;-1;0x0000000000000002;7.7;47.763171;-3.505858
2021-01-29;00:01:11.340;5.0;78;1.19;5;3.69;11.09;4.5;63.8;635;-7.1;337.8;-0.31;0.01;3390;3820;491;89.2;86.0;47.763373 -3.505971;91.1;0.0;-2;17;-280;209;-169;-295;-1;-1;1;-1;0x0000000000000002;7.7;47.763373;-3.505971
2021-01-29;00:01:12.340;5.0;78;0.83;5;3.69;11.07;5.3;54.9;637;-7.0;340.2;-0.31;-0.01;3394;3820;470;82.4;85.6;47.763613 -3.506065;91.4;0.0;-1;14;-184;12;-172;-295;-1;-1;1;-1;0x0000000000000002;7.7;47.763613;-3.506065
2021-01-29;00:01:13.340;5.0;80;1.08;5;3.68;11.06;5.3;48.9;638;-6.7;342.3;-0.29;-0.03;3430;3820;450;76.9;85.6;47.763818 -3.506206;91.6;0.0;4;-140;-183;-56;-169;-295;-1;-1;1;-1;0x0000000000000002;7.7;47.763818;-3.506206
2021-01-29;00:01:14.340;5.0;80;1.02;5;3.69;11.07;5.3;43.9;640;-5.1;345.4;-0.28;0.0;3458;3820;429;70.8;86.5;47.763983 -3.506291;92.6;0.0;1;-112;-183;4;-172;-295;-1;-1;1;-1;0x0000000000000002;7.7;47.763983;-3.506291
2021-01-29;00:01:15.340;5.0;80;0.74;5;3.68;11.07;5.3;40.0;641;-3.3;347.7;-0.25;0.0;3485;3821;398;65.7;85.1;47.764191 -3.506348;89.8;0.0;-1;269;-187;-89;-169;-295;-1;-1;1;-1;0x0000000000000002;7.7;47.764191;-3.506348
2021-01-29;00:01:16.340;5.0;78;0.94;5;3.68;11.06;5.3;35.5;642;-6.9;349.8;-0.25;-0.01;3492;3821;377;60.5;81.0;47.764395 -3.506405;87.7;0.0;0;-66;-187;18;-169;-295;-1;-1;1;-1;0x0000000000000002;7.7;47.764395;-3.506405
2021-01-29;00:01:17.340;5.0;78;1.01;5;3.68;11.06;5.3;27.8;644;-5.3;348.6;-0.25;0.0;3487;3821;357;55.8;82.1;47.764635 -3.506475;87.9;0.0;0;7;-186;10;-169;-295;-1;-1;1;-1;0x0000000000000002;7.7;47.764635;-3.506475
2021-01-29;00:01:18.340;5.0;76;0.96;5;3.68;11.06;5.3;23.1;646;-4.9;349.7;-0.24;-0.01;3494;3821;336;51.0;81.6;47.764836 -3.506531;87.4;0.0;0;-57;-184;14;-169;-298;-1;-1;1;-1;0x0000000000000002;7.7;47.764836;-3.506531
2021-01-29;00:01:19.340;5.0;76;0.97;5;3.68;11.06;5.4;19.4;647;-4.4;350.6;-0.2;0.0;3506;3821;317;47.6;81.1;47.764996 -3.506575;86.3;0.0;0;-36;-175;9;-169;-298;-1;-1;1;-1;0x0000000000000002;7.7;47.764996;-3.506575
2021-01-29;00:01:20.340;5.0;76;1.21;5;3.68;11.05;5.4;15.7;649;-4.1;351.2;-0.19;0.0;3515;3821;287;42.3;80.0;47.765193 -3.506620;84.2;0.0;8;11;-183;98;-169;-298;-1;-1;1;-1;0x0000000000000002;7.7;47.765193;-3.506620
2021-01-29;00:01:21.340;5.0;74;0.61;5;3.68;11.05;5.4;11.0;651;-3.9;352.1;-0.17;0.0;3527;3821;267;39.2;78.3;47.765351 -3.506653;81.8;0.0;10;17;-186;51;-169;-298;-1;-1;1;-1;0x0000000000000002;7.7;47.765351;-3.506653
2021-01-29;00:01:22.340;5.0;76;1.29;5;3.68;11.05;5.4;6.9;652;-4.6;357.8;-0.19;0.01;3571;3821;248;35.4;78.9;47.765623 -3.506693;82.5;0.0;22;7;-186;7;-169;-298;-1;-1;1;-1;0x0000000000000002;7.7;47.765623;-3.506693
2021-01-29;00:01:23.340;5.0;82;1.27;5;3.68;11.04;5.4;3.4;653;-3.1;1.0;-0.18;0.0;15;3821;228;31.3;79.4;47.765781 -3.506695;83.1;0.0;31;-185;-184;-205;-169;-295;-1;-1;1;-1;0x0000000000000002;7.7;47.765781;-3.506695
2021-01-29;00:01:24.340;5.0;86;0.88;5;3.68;11.04;5.4;2.1;655;-0.7;1.0;-0.13;-0.01;19;3821;199;29.5;78.9;47.765980 -3.506686;78.7;0.0;-2;6;-136;29;-169;-295;-1;-1;1;-1;0x0000000000000002;7.7;47.765980;-3.506686
2021-01-29;00:01:25.340;5.0;86;1.7;5;3.67;11.01;6.3;1.1;656;-1.2;359.5;-0.08;0.01;3595;3821;180;28.9;74.0;47.766130 -3.506685;75.9;0.0;31;-158;-85;121;-169;-298;-1;-1;1;-1;0x0000000000000002;7.7;47.766130;-3.506685
2021-01-29;00:01:26.340;5.0;88;0.51;5;3.67;11.01;6.3;2.4;658;1.8;358.4;-0.02;0.02;3586;3821;162;30.1;68.0;47.766381 -3.506691;71.8;0.0;37;23;-84;-35;-169;-298;-1;-1;1;-1;0x0000000000000002;7.7;47.766381;-3.506691
2021-01-29;00:01:27.340;5.0;88;1.05;5;3.67;11.02;6.3;2.6;660;0.6;359.2;0.01;0.02;3598;3821;145;31.2;66.1;47.766546 -3.506691;69.6;0.0;42;9;-84;14;-169;-298;-1;-1;1;-1;0x0000000000000002;7.7;47.766546;-3.506691
2021-01-29;00:01:28.340;5.0;86;0.95;5;3.66;11.0;6.4;3.6;662;0.5;1.3;0.02;-0.02;8;3821;129;32.2;62.6;47.766673 -3.506691;66.3;0.0;51;11;-79;12;-169;-295;-1;-1;1;-1;0x0000000000000002;7.7;47.766673;-3.506691
2021-01-29;00:01:29.340;5.0;86;0.98;5;3.66;10.99;6.7;4.0;663;-0.2;1.7;0.05;0.01;12;3821;106;33.5;60.5;47.766826 -3.506686;63.3;0.0;41;-3;14;45;-169;-295;-1;-1;1;-1;0x0000000000000002;7.7;47.766826;-3.506686
2021-01-29;00:01:30.340;5.0;88;1.05;5;3.65;10.98;7.1;4.3;666;-0.3;0.1;0.05;0.02;6;3821;91;33.8;61.1;47.767008 -3.506683;63.8;0.0;48;-15;5;201;-169;-295;-1;-1;1;-1;0x0000000000000002;7.7;47.767008;-3.506683
2021-01-29;00:01:31.340;5.0;88;1.03;5;3.65;10.97;7.2;4.7;668;0.0;5.6;0.06;0.0;51;3821;76;34.3;61.2;47.767161 -3.506671;64.0;0.0;70;-144;16;10;-169;-295;-1;-1;1;-1;0x0000000000000002;7.7;47.767161;-3.506671
2021-01-29;00:01:32.340;5.0;92;1.22;5;3.65;10.97;7.2;5.8;670;1.6;15.2;0.08;-0.02;145;3821;61;35.1;60.7;47.767281 -3.506630;62.9;0.0;74;-12;10;0;-169;-295;-1;-1;1;-1;0x0000000000000002;7.7;47.767281;-3.506630
2021-01-29;00:01:33.340;5.0;96;0.68;5;3.65;10.95;7.1;8.1;671;1.4;20.0;0.1;-0.03;205;3821;39;37.5;57.9;47.767421 -3.506575;59.8;0.0;54;164;4;-74;-169;-295;-1;-1;1;-1;0x0000000000000002;7.7;47.767421;-3.506575
2021-01-29;00:01:34.340;5.0;100;1.12;5;3.65;10.95;7.2;8.7;673;-0.5;23.0;0.07;-0.01;234;3820;26;37.7;59.4;47.767555 -3.506491;60.3;0.0;74;-189;11;154;-169;-295;-1;-1;1;-1;0x0000000000000002;7.7;47.767555;-3.506491
2021-01-29;00:01:35.340;5.0;100;1.24;5;3.64;10.94;7.2;10.2;676;2.2;26.9;0.1;0.0;266;3820;16;38.1;59.2;47.767715 -3.506373;60.9;0.0;138;-177;11;214;-169;-295;-1;-1;1;-1;0x0000000000000002;7.7;47.767715;-3.506373
2021-01-29;00:01:36.340;5.0;96;1.12;5;3.64;10.94;7.2;12.8;678;3.3;45.3;0.15;0.0;435;3820;18;40.3;56.4;47.767828 -3.506243;58.8;0.0;134;-189;10;10;-169;-295;-1;-1;1;-1;0x0000000000000002;7.7;47.767828;-3.506243
2021-01-29;00:01:37.340;5.0;90;0.83;5;3.64;10.93;7.3;15.7;680;2.9;63.6;0.17;0.03;637;3821;30;42.5;52.5;47.767893 -3.506115;54.2;0.0;128;-78;5;-273;-169;-295;-1;-1;1;-1;0x0000000000000002;7.7;47.767893;-3.506115
2021-01-29;00:01:38.340;5.0;88;1.11;5;3.64;10.93;7.2;17.5;681;2.1;79.8;0.17;0.0;775;3821;50;44.7;53.3;47.767936 -3.505930;52.4;0.0;120;9;2;-210;-169;-295;-1;-1;1;-1;0x0000000000000002;7.7;47.767936;-3.505930
2021-01-29;00:01:39.340;5.0;82;0.97;5;3.64;10.94;7.2;19.8;684;2.1;89.0;0.15;0.0;901;3821;63;45.5;54.2;47.767945 -3.505770;53.5;0.0;95;180;4;-100;-166;-298;-1;-1;1;-1;0x0000000000000002;7.7;47.767945;-3.505770
2021-01-29;00:01:40.340;5.0;82;1.11;5;3.64;10.93;7.1;20.0;686;0.5;91.6;0.11;-0.03;939;3821;77;45.6;57.0;47.767938 -3.505483;55.7;0.0;111;-36;4;204;-169;-298;-1;-1;1;-1;0x0000000000000002;7.7;47.767938;-3.505483
2021-01-29;00:01:41.340;5.0;82;1.02;5;3.64;10.93;7.1;20.1;688;1.0;97.4;0.1;0.01;974;3821;91;45.4;59.2;47.767928 -3.505265;57.9;0.0;116;12;4;259;-169;-298;-1;-1;1;-1;0x0000000000000002;7.7;47.767928;-3.505265
2021-01-29;00:01:42.340;5.0;80;1.08;5;3.64;10.92;7.1;20.4;689;0.7;109.8;0.09;-0.03;1070;3821;111;45.5;59.9;47.767898 -3.505093;59.8;0.0;108;15;5;-53;-169;-295;-1;-1;1;-1;0x0000000000000002;7.7;47.767898;-3.505093
2021-01-29;00:01:43.340;5.0;80;1.02;5;3.64;10.92;7.1;20.3;691;0.4;120.8;0.06;-0.01;1200;3821;125;45.0;62.1;47.767850 -3.504886;61.8;0.0;88;9;1;-270;-169;-295;-1;-1;1;-1;0x0000000000000002;7.7;47.767850;-3.504886
2021-01-29;00:01:44.340;5.0;82;1.12;5;3.64;10.92;7.0;19.8;694;0.1;125.2;0.04;0.01;1268;3821;138;44.4;64.8;47.767723 -3.504656;64.6;0.0;64;15;1;53;-169;-295;-1;-1;1;-1;0x0000000000000002;7.7;47.767723;-3.504656
2021-01-29;00:01:45.340;5.0;82;1.07;5;3.63;10.92;7.0;19.3;696;0.0;126.4;0.02;-0.01;1272;3821;152;43.8;66.3;47.767623 -3.504460;65.9;0.0;78;19;0;215;-169;-295;-1;-1;1;-1;0x0000000000000002;7.7;47.767623;-3.504460
2021-01-29;00:01:46.340;5.0;80;0.98;5;3.63;10.91;7.0;18.8;697;0.0;130.2;0.01;0.0;1294;3820;166;43.7;67.3;47.767541 -3.504300;66.8;0.0;98;26;-3;3;-169;-298;-1;-1;1;-1;0x0000000000000002;7.7;47.767541;-3.504300
2021-01-29;00:01:47.340;5.0;78;1.0;5;3.63;10.91;7.0;18.1;699;-0.6;134.0;0.01;-0.03;1335;3821;189;43.3;67.9;47.767430 -3.504111;68.7;0.0;40;19;83;-46;-169;-298;-1;-1;1;-1;0x0000000000000002;7.7;47.767430;-3.504111
2021-01-29;00:01:48.340;5.0;78;1.18;5;3.62;10.88;8.0;16.9;702;-0.7;138.0;0.03;-0.01;1379;3821;204;42.7;69.3;47.767278 -3.503968;70.9;0.0;85;12;137;35;-169;-295;-1;-1;1;-1;0x0000000000000002;7.7;47.767278;-3.503968
2021-01-29;00:01:49.340;5.0;78;1.08;5;3.62;10.88;8.0;16.3;704;-0.3;141.5;0.01;0.0;1410;3821;219;42.3;70.2;47.767143 -3.503730;71.8;0.0;84;14;134;48;-169;-295;-1;-1;1;-1;0x0000000000000002;7.7;47.767143;-3.503730
2021-01-29;00:01:50.340;5.0;78;1.0;5;3.62;10.86;8.0;16.0;706;-0.3;147.7;0.0;-0.01;1472;3821;234;42.3;70.5;47.767028 -3.503576;72.4;0.0;73;17;132;-24;-169;-298;-1;-1;1;-1;0x0000000000000002;7.7;47.767028;-3.503576
2021-01-29;00:01:51.340;5.0;78;1.06;5;3.62;10.86;8.0;15.7;708;-0.5;151.2;-0.01;-0.01;1511;3821;255;42.1;70.5;47.766876 -3.503470;74.2;0.0;80;19;131;10;-169;-298;-1;-1;1;-1;0x0000000000000002;7.7;47.766876;-3.503470
2021-01-29;00:01:52.340;5.0;78;1.12;5;3.62;10.86;7.9;15.2;710;-0.8;154.7;-0.02;-0.02;1546;3821;269;41.7;70.7;47.766716 -3.503350;74.4;0.0;95;17;126;34;-169;-295;-1;-1;1;-1;0x0000000000000002;7.7;47.766716;-3.503350
2021-01-29;00:01:53.340;5.0;76;0.99;5;3.62;10.86;7.9;14.3;713;-0.7;158.4;-0.02;0.01;1579;3821;284;41.3;71.0;47.766520 -3.503228;75.0;0.0;104;9;135;214;-169;-295;-1;-1;1;-1;0x0000000000000002;7.7;47.766520;-3.503228
2021-01-29;00:01:54.340;5.0;72;1.21;5;3.61;10.85;8.0;13.8;715;0.1;170.1;0.02;-0.01;1682;3821;297;40.7;71.0;47.766348 -3.503155;75.5;0.0;118;-149;132;-430;-169;-295;-1;-1;1;-1;0x0000000000000002;7.7;47.766348;-3.503155
2021-01-29;00:01:55.340;5.0;68;0.95;5;3.61;10.84;8.4;14.7;717;0.9;173.6;0.02;-0.01;1762;3821;309;41.0;68.7;47.766208 -3.503131;75.1;0.0;71;74;197;-1;-169;-298;-1;-1;1;-1;0x0000000000000002;7.7;47.766208;-3.503131
2021-01-29;00:01:56.340;5.0;70;1.08;5;3.61;10.82;8.5;15.0;719;0.1;173.9;0.02;-0.01;1751;3821;327;41.8;68.6;47.766038 -3.503110;73.5;0.0;123;-111;209;131;-169;-298;-1;-1;1;-1;0x0000000000000002;7.7;47.766038;-3.503110
2021-01-29;00:01:57.340;5.0;72;0.99;5;3.61;10.82;8.4;15.9;722;1.4;177.7;0.02;0.0;1772;3821;338;42.5;67.6;47.765866 -3.503088;73.1;0.0;144;20;197;48;-169;-295;-1;-1;1;-1;0x0000000000000002;7.7;47.765866;-3.503088
2021-01-29;00:01:58.340;5.0;72;1.14;5;3.6;10.81;8.5;16.4;725;0.4;181.5;0.03;0.01;1812;3821;350;43.3;66.8;47.765665 -3.503090;72.4;0.0;168;-22;198;107;-169;-298;-1;-1;1;-1;0x0000000000000002;7.7;47.765665;-3.503090
2021-01-29;00:01:59.340;5.0;68;0.97;5;3.61;10.82;8.5;16.7;727;0.2;192.3;0.03;0.0;1912;3821;360;43.9;66.4;47.765501 -3.503120;72.2;0.0;167;-93;198;-118;-169;-295;-1;-1;1;-1;0x0000000000000002;7.7;47.765501;-3.503120
2021-01-29;00:02:00.340;5.0;64;1.02;5;3.6;10.8;8.4;17.0;728;0.7;198.2;0.03;0.01;1983;3821;371;44.4;65.1;47.765406 -3.503158;72.4;0.0;144;-54;191;39;-169;-295;-1;-1;1;-1;0x0000000000000002;7.7;47.765406;-3.503158
2021-01-29;00:02:01.340;5.0;66;0.97;5;3.6;10.8;8.4;17.7;731;0.5;209.8;0.02;0.01;2111;3821;375;44.6;65.1;47.765230 -3.503278;72.4;0.0;170;-24;117;12;-169;-295;-1;-1;1;-1;0x0000000000000000;7.7;47.765230;-3.503278
2021-01-29;00:02:02.340;5.0;68;1.0;5;3.6;10.82;7.8;18.0;734;0.3;216.3;0.01;0.0;2174;3820;382;44.6;64.3;47.765148 -3.503356;72.2;0.0;177;-28;120;-155;-169;-295;-1;-1;1;-1;0x0000000000000002;7.7;47.765148;-3.503356
2021-01-29;00:02:03.340;5.0;72;1.03;5;3.6;10.81;7.8;17.8;735;-0.2;228.5;-0.01;0.0;2294;3820;385;43.6;63.8;47.765006 -3.503583;73.3;0.0;199;11;119;106;-169;-298;-1;-1;1;-1;0x0000000000000002;7.7;47.765006;-3.503583
2021-01-29;00:02:04.340;5.0;70;1.15;5;3.6;10.81;7.8;17.2;738;-0.4;235.7;-0.03;-0.02;2365;3821;386;42.2;65.4;47.764908 -3.503776;75.1;0.0;206;-134;120;9;-169;-295;-1;-1;1;-1;0x0000000000000002;7.7;47.764908;-3.503776
2021-01-29;00:02:05.340;5.0;68;1.32;5;3.6;10.81;7.8;17.3;740;1.8;246.8;0.0;0.0;2496;3821;385;41.8;65.5;47.764816 -3.503991;75.5;0.0;211;-137;119;79;-169;-298;-1;-1;1;-1;0x0000000000000002;7.7;47.764816;-3.503991
2021-01-29;00:02:06.340;5.0;70;1.14;5;3.6;10.79;7.8;19.1;743;2.4;255.1;0.01;0.01;2576;3821;381;42.8;61.5;47.764786 -3.504126;72.9;0.0;201;-153;122;39;-169;-295;-1;-1;1;-1;0x0000000000000000;7.7;47.764786;-3.504126
2021-01-29;00:02:07.340;5.0;72;0.89;5;3.61;10.83;7.2;20.1;745;1.1;280.8;0.0;-0.01;2750;3821;373;43.9;59.4;47.764785 -3.504485;70.1;0.0;177;-15;32;-301;-169;-295;-1;-1;1;-1;0x0000000000000002;7.7;47.764785;-3.504485
2021-01-29;00:02:08.340;5.0;70;0.87;5;3.61;10.83;7.1;19.6;747;-0.3;288.5;0.0;-0.01;2906;3821;363;43.8;59.7;47.764830 -3.504696;69.2;0.0;158;15;27;14;-169;-295;-1;-1;1;-1;0x0000000000000002;7.7;47.764830;-3.504696
2021-01-29;00:02:09.340;5.0;72;1.06;5;3.6;10.82;7.1;18.2;748;-1.1;295.7;-0.03;0.0;2969;3821;347;41.7;61.5;47.764878 -3.504863;69.8;0.0;177;-76;30;-247;-169;-295;-1;-1;1;-1;0x0000000000000002;7.7;47.764878;-3.504863
2021-01-29;00:02:10.340;5.0;72;0.97;5;3.6;10.82;7.1;16.7;750;-0.8;301.1;-0.03;-0.01;3018;3821;334;40.5;63.8;47.764956 -3.505070;72.4;0.0;158;15;25;7;-169;-295;-1;-1;1;-1;0x0000000000000002;7.7;47.764956;-3.505070
2021-01-29;00:02:11.340;5.0;72;1.19;5;3.6;10.81;7.1;14.6;753;-1.0;301.8;-0.04;0.0;3025;3821;322;39.3;64.8;47.765060 -3.505313;72.9;0.0;177;12;27;10;-169;-295;-1;-1;1;-1;0x0000000000000002;7.7;47.765060;-3.505313
2021-01-29;00:02:12.340;5.0;70;0.96;5;3.6;10.82;7.1;13.3;755;-1.1;309.6;-0.03;-0.01;3100;3821;309;38.6;64.9;47.765158 -3.505506;72.9;0.0;196;-87;27;151;-169;-298;-1;-1;1;-1;0x0000000000000002;7.7;47.765158;-3.505506
2021-01-29;00:02:13.340;5.0;70;0.99;5;3.6;10.81;7.1;12.3;756;0.0;317.9;-0.03;0.0;3195;3821;295;37.7;65.6;47.765248 -3.505648;73.3;0.0;203;15;27;9;-169;-295;-1;-1;1;-1;0x0000000000000002;7.7;47.765248;-3.505648
2021-01-29;00:02:14.340;5.0;72;0.99;5;3.6;10.82;7.1;11.8;758;-0.6;328.0;-0.02;0.0;3286;3821;273;37.3;65.4;47.765381 -3.505791;73.3;0.0;193;-108;26;-304;-169;-295;-1;-1;1;-1;0x0000000000000002;7.7;47.765381;-3.505791
2021-01-29;00:02:15.340;5.0;72;0.98;5;3.6;10.81;7.1;10.8;761;-0.4;334.3;-0.02;0.01;3364;3821;257;36.6;66.4;47.765500 -3.505881;72.5;0.0;190;15;26;9;-169;-298;-1;-1;1;-1;0x0000000000000002;7.7;47.765500;-3.505881
2021-01-29;00:02:16.350;5.0;74;0.97;15;3.6;10.81;7.0;10.1;763;-0.7;338.3;-0.06;-0.01;3385;3820;240;36.1;66.3;47.765713 -3.506018;72.7;0.0;203;12;25;17;-169;-295;-1;0;1;-1;0x0000000000000002;7.7;47.765713;-3.506018
2021-01-29;00:02:17.360;5.0;76;1.02;15;3.6;10.82;6.0;9.3;764;-0.9;342.3;-0.09;0.0;3429;3820;224;35.5;66.7;47.765871 -3.506100;72.7;0.0;151;12;-324;29;-172;-295;-1;0;1;-1;0x0000000000000002;7.7;47.765871;-3.506100
2021-01-29;00:02:18.360;5.0;78;0.97;15;3.63;10.9;3.6;8.5;766;-0.7;347.8;-0.14;0.0;3481;3820;199;34.7;65.5;47.765998 -3.506150;68.8;0.0;151;9;-511;-437;-169;-295;-1;0;1;-1;0x0000000000000002;7.7;47.765998;-3.506150
2021-01-29;00:02:19.360;5.0;80;0.8;15;3.64;10.93;2.8;7.7;766;-0.4;351.3;-0.11;-0.02;3506;3820;183;34.5;60.8;47.766153 -3.506193;64.0;0.0;137;12;-557;-398;-169;-295;-1;0;1;-1;0x0000000000000002;7.7;47.766153;-3.506193
2021-01-29;00:02:20.360;5.0;80;1.2;15;3.64;10.93;2.7;6.5;767;-0.7;353.6;-0.09;-0.02;3533;3820;169;34.2;57.2;47.766328 -3.506230;60.0;0.0;111;12;-629;-382;-169;-295;-1;0;1;-1;0x0000000000000002;7.7;47.766328;-3.506230
2021-01-29;00:02:21.360;5.0;82;1.06;15;3.65;10.96;2.3;5.8;768;-0.7;355.5;-0.04;-0.01;3561;3820;155;34.1;53.9;47.766465 -3.506248;57.2;0.0;114;11;-629;-439;-169;-295;-1;0;1;-1;0x0000000000000002;7.7;47.766465;-3.506248
2021-01-29;00:02:22.360;5.0;82;0.94;15;3.65;10.96;2.3;5.2;769;-0.7;355.9;-0.03;0.02;3582;3820;142;34.1;50.1;47.766566 -3.506255;55.0;0.0;117;-9;-630;-474;-169;-298;-1;0;1;-1;0x0000000000000002;7.7;47.766566;-3.506255
2021-01-29;00:02:23.360;5.0;84;1.05;15;3.65;10.97;2.3;4.6;769;-0.8;357.6;-0.01;0.01;3573;3820;124;33.9;46.4;47.766686 -3.506263;50.0;0.0;113;-25;-633;-497;-169;-295;-1;0;1;-1;0x0000000000000002;7.7;47.766686;-3.506263
2021-01-29;00:02:24.360;5.0;84;0.96;15;3.66;10.98;2.0;3.9;770;-0.8;357.4;-0.01;-0.02;3564;3819;112;33.8;42.9;47.766776 -3.506270;47.0;0.0;118;-6;-721;-473;-169;-298;-1;0;1;-1;0x0000000000000002;7.7;47.766776;-3.506270
2021-01-29;00:02:25.360;5.0;84;0.93;15;3.66;10.99;1.5;3.1;770;-2.0;352.9;-0.04;0.0;3528;3819;102;33.6;39.8;47.766921 -3.506291;42.0;0.0;130;-219;-664;-424;-169;-295;-1;0;1;-1;0x0000000000000002;7.7;47.766921;-3.506291
2021-01-29;00:02:26.360;5.0;86;1.18;15;3.66;10.99;1.8;2.0;771;-1.4;355.7;0.03;0.01;3572;3820;92;32.5;40.2;47.767021 -3.506305;40.5;0.0;123;-146;-734;-510;-169;-295;-1;0;1;-1;0x0000000000000002;7.7;47.767021;-3.506305
2021-01-29;00:02:27.360;5.0;88;1.1;15;3.66;11.0;1.8;1.3;771;-1.4;359.0;0.05;-0.02;3570;3821;77;31.7;39.0;47.767100 -3.506310;37.9;0.0;147;-403;-732;-98;-169;-295;-1;0;1;-1;0x0000000000000002;7.7;47.767100;-3.506310
2021-01-29;00:02:28.360;5.0;90;1.0;15;3.66;11.0;1.8;0.8;772;-1.0;353.9;0.07;-0.02;3529;3821;68;31.1;36.5;47.767195 -3.506325;36.1;0.0;138;-528;-734;9;-169;-298;-1;0;1;-1;0x0000000000000002;7.7;47.767195;-3.506325
2021-01-29;00:02:29.360;5.0;90;0.98;15;3.66;11.0;1.7;0.5;772;-0.7;350.9;0.08;-0.01;3489;3822;59;30.8;32.4;47.767296 -3.506351;33.1;0.0;143;-552;-732;62;-169;-295;-1;0;1;-1;0x0000000000000002;7.7;47.767296;-3.506351
2021-01-29;00:02:30.360;5.0;92;0.9;15;3.67;11.01;1.7;0.0;773;-1.6;352.1;0.0;0.02;3494;3822;52;30.4;29.3;47.767370 -3.506375;25.7;0.0;147;-664;-734;-163;-169;-298;-1;0;1;-1;0x0000000000000002;7.7;47.767370;-3.506375
2021-01-29;00:02:31.360;5.0;96;0.76;15;3.66;11.01;1.7;0.0;773;-4.1;344.4;-0.07;-0.02;3481;3821;45;28.8;25.1;47.767423 -3.506390;22.7;0.0;302;-1024;-1024;1024;-169;-298;-1;0;1;-1;0x0000000000000002;7.7;47.767423;-3.506390
2021-01-29;00:02:32.360;5.0;90;0.76;15;3.67;11.03;1.0;0.0;773;-4.1;344.4;-0.07;-0.02;3481;3821;42;27.3;25.2;47.767423 -3.506390;25.1;0.0;161;-129;-1024;398;-172;-295;-1;0;1;-1;0x0000000000000002;7.7;47.767423;-3.506390
2021-01-29;00:02:33.360;5.0;84;0.76;15;3.67;11.03;1.0;0.0;773;-4.1;344.4;-0.07;-0.02;3481;3821;42;27.3;25.2;47.767423 -3.506390;25.1;0.0;-2;15;-1024;9;-169;-295;-1;0;1;-1;0x0000000000000002;7.7;47.767423;-3.506390
2021-01-29;00:02:34.360;5.0;88;0.76;15;3.67;11.03;1.0;0.0;773;-4.1;344.4;-0.07;-0.02;3481;3821;42;27.3;25.2;47.767423 -3.506390;25.1;0.0;-2;15;-1024;9;-169;-295;-1;0;1;-1;0x0000000000000002;7.7;47.767423;-3.506390
2021-01-29;00:02:35.370;5.0;88;0.76;15;3.67;11.03;1.0;0.0;773;-4.1;344.4;-0.07;-0.02;3481;3821;42;27.3;0.0;47.767423 -3.506390;25.1;0.0;-2;15;-1024;9;-169;-295;-1;0;1;-1;0x0000000000001C02;7.7;47.767423;-3.506390
2021-01-29;00:02:36.410;5.0;88;0.98;52;3.68;11.05;1.0;0.0;1;0.0;0.2;-0.21;-0.05;0;900;0;0.0;0.0;;0.0;0.0;-2;15;-1024;10;-169;-295;-1;0;1;-1;0x0000000000001C02;7.7;;
2021-01-29;00:02:37.430;5.0;88;0.98;52;3.68;11.05;0.9;0.0;1;0.0;0.3;-0.21;-0.05;0;900;0;0.0;0.0;;0.0;0.0;-2;15;-1024;10;-169;-295;-1;0;1;-1;0x0000000000001C02;7.7;;
2021-01-29;00:02:38.480;5.0;88;0.98;52;3.68;11.06;0.9;0.0;1;0.0;0.3;-0.21;-0.05;0;900;0;0.0;0.0;;0.0;0.0;-4;15;-1024;9;-169;-298;-1;0;1;-1;0x0000000000001C02;7.7;;
